candidate,formula,M,E,X,prototype,dE_ml_meV,dE_mix_meV,volume_change_pct,spacegroup,steps,converged,rank_in_formula,above_best_meV
AuSiP_R3m-MCP,SiPAu,Au,Si,P,R3m-MCP,-142.9,-107.8,-25.0,R3m,12,True,0,0.0
NaSnN_P63mc-NaSnP,NaSnN,Na,Sn,N,P63mc-NaSnP,-68.1,58.1,4.6,P6_3mc,17,True,0,0.0
NaSnP_P63mc-NaSnP,NaSnP,Na,Sn,P,P63mc-NaSnP,-66.1,-47.0,15.5,P6_3mc,14,True,0,0.0
NaSnP_R3m-oct,NaSnP,Na,Sn,P,R3m-oct,-59.8,-40.7,-3.3,R3m,17,True,1,6.3
NaGeP_R3m-oct,NaGeP,Na,Ge,P,R3m-oct,-58.4,-38.7,7.2,R3m,17,True,0,0.0
KSnAs_P63mc-NaSnP,KSnAs,K,Sn,As,P63mc-NaSnP,-49.5,-42.9,12.6,P6_3mc,18,True,0,0.0
NaGeAs_R3m-oct,NaGeAs,Na,Ge,As,R3m-oct,-45.9,-33.4,-8.4,R3m,13,True,0,0.0
NaGeP_P63mc-NaSnP,NaGeP,Na,Ge,P,P63mc-NaSnP,-44.9,-25.2,16.1,P6_3mc,13,True,1,13.5
RbSnAs_P63mc-NaSnP,RbSnAs,Rb,Sn,As,P63mc-NaSnP,-43.3,-39.8,7.5,P6_3mc,18,True,0,0.0
KSnAs_R3m-oct,KSnAs,K,Sn,As,R3m-oct,-32.6,-26.0,3.5,R3m,13,True,1,16.9
NaSnAs_R3m-oct,NaSnAs,Na,Sn,As,R3m-oct,-31.0,-28.6,-10.1,R3m,14,True,0,0.0
LiSnN_P63mc-NaSnP,LiSnN,Li,Sn,N,P63mc-NaSnP,-25.2,-2.3,17.6,P6_3mc,17,True,0,0.0
RbSnP_P63mc-NaSnP,RbSnP,Rb,Sn,P,P63mc-NaSnP,-24.8,-26.1,21.2,P6_3mc,18,True,0,0.0
RbSnAs_R3m-oct,RbSnAs,Rb,Sn,As,R3m-oct,-24.7,-21.2,10.7,R3m,15,True,1,18.6
KSnP_P63mc-NaSnP,KSnP,K,Sn,P,P63mc-NaSnP,-22.8,-27.7,29.3,P6_3mc,19,True,0,0.0
NaSnAs_P63mc-NaSnP,NaSnAs,Na,Sn,As,P63mc-NaSnP,-22.1,-19.7,0.1,P6_3mc,15,True,1,8.9
NaGeAs_P63mc-NaSnP,NaGeAs,Na,Ge,As,P63mc-NaSnP,-20.5,-8.0,4.2,P6_3mc,10,True,1,25.4
LiGeP_R3m-oct,LiGeP,Li,Ge,P,R3m-oct,-12.9,6.6,-8.7,R3m,19,True,0,0.0
AuGeAs_mp-1224371,GeAsAu,Au,Ge,As,mp-1224371,-9.1,-6.9,5.1,?,26,True,0,0.0
NaSnN_R3m-oct,NaSnN,Na,Sn,N,R3m-oct,-5.0,121.2,-0.2,R3m,15,True,1,63.1
RbGeAs_P63mc-NaSnP,RbGeAs,Rb,Ge,As,P63mc-NaSnP,0.8,7.9,-5.9,P6_3mc,18,True,0,0.0
AuGeP_R3m-MCP,GePAu,Au,Ge,P,R3m-MCP,2.1,9.0,-23.2,R3m,13,True,0,0.0
KSnP_R3m-oct,KSnP,K,Sn,P,R3m-oct,3.3,-1.6,14.0,R3m,17,True,1,26.1
RbSnP_R3m-oct,RbSnP,Rb,Sn,P,R3m-oct,5.9,4.6,13.2,R3m,13,True,1,30.7
CsSnAs_P63mc-NaSnP,CsSnAs,Cs,Sn,As,P63mc-NaSnP,6.3,2.0,9.2,P6_3mc,19,True,0,0.0
LiGeAs_R3m-oct,LiGeAs,Li,Ge,As,R3m-oct,7.8,13.0,-22.2,R3m,17,True,0,0.0
AuSiAs_R3m-MCP,SiAsAu,Au,Si,As,R3m-MCP,9.9,-8.5,-14.4,R3m,14,True,0,0.0
RbGeAs_R3m-oct,RbGeAs,Rb,Ge,As,R3m-oct,14.8,21.9,5.9,R3m,12,True,1,14.0
KGeAs_P63mc-NaSnP,KGeAs,K,Ge,As,P63mc-NaSnP,15.3,26.9,-1.0,P6_3mc,19,True,0,0.0
KGeAs_R3m-oct,KGeAs,K,Ge,As,R3m-oct,16.5,28.2,8.9,R3m,12,True,1,1.2
LiGeP_P63mc-NaSnP,LiGeP,Li,Ge,P,P63mc-NaSnP,18.7,38.2,9.5,P6_3mc,20,True,1,31.6
AuGeAs_R3m-MCP,GeAsAu,Au,Ge,As,R3m-MCP,19.2,21.5,-13.2,R3m,12,True,1,28.3
KGeP_P63mc-NaSnP,KGeP,K,Ge,P,P63mc-NaSnP,25.7,19.3,11.0,P6_3mc,19,True,0,0.0
AgSiP_R3m-MCP,SiAgP,Ag,Si,P,R3m-MCP,26.0,74.5,-24.2,R3m,13,True,0,0.0
KGeP_R3m-oct,KGeP,K,Ge,P,R3m-oct,28.1,21.7,9.5,R3m,13,True,1,2.4
LiSnP_P63mc-NaSnP,LiSnP,Li,Sn,P,P63mc-NaSnP,28.5,48.7,-0.7,P6_3mc,23,True,0,0.0
LiSnP_R3m-oct,LiSnP,Li,Sn,P,R3m-oct,33.5,53.8,-17.0,R3m,23,True,1,5.0
CsSnAs_R3m-oct,CsSnAs,Cs,Sn,As,R3m-oct,34.4,30.0,19.9,R3m,17,True,1,28.1
LiSnAs_R3m-oct,LiSnAs,Li,Sn,As,R3m-oct,35.2,49.8,-25.4,R3m,22,True,0,0.0
LiGeN_P63mc-NaSnP,LiGeN,Li,Ge,N,P63mc-NaSnP,38.8,40.7,-1.4,P6_3mc,13,True,0,0.0
NaGeN_P63mc-NaSnP,NaGeN,Na,Ge,N,P63mc-NaSnP,38.9,44.3,11.0,P6_3mc,18,True,0,0.0
RbGeP_P63mc-NaSnP,RbGeP,Rb,Ge,P,P63mc-NaSnP,40.2,37.4,4.3,P6_3mc,17,True,0,0.0
AgGeP_R3m-MCP,AgGeP,Ag,Ge,P,R3m-MCP,40.3,50.7,-22.9,R3m,12,True,0,0.0
LiSnN_R3m-oct,LiSnN,Li,Sn,N,R3m-oct,44.7,67.6,2.5,R3m,16,True,1,69.9
CsSnP_P63mc-NaSnP,CsSnP,Cs,Sn,P,P63mc-NaSnP,44.7,39.7,18.2,P6_3mc,19,True,0,0.0
LiGeAs_P63mc-NaSnP,LiGeAs,Li,Ge,As,P63mc-NaSnP,50.5,55.8,-5.8,P6_3mc,21,True,1,42.7
NaSiP_R3m-oct,NaSiP,Na,Si,P,R3m-oct,50.8,73.5,17.1,R3m,13,True,0,0.0
LiSnAs_P63mc-NaSnP,LiSnAs,Li,Sn,As,P63mc-NaSnP,51.1,65.7,-16.6,P6_3mc,24,True,1,15.9
NaSiP_P63mc-NaSnP,NaSiP,Na,Si,P,P63mc-NaSnP,53.3,76.0,11.1,P6_3mc,18,True,1,2.5
CsGeAs_P63mc-NaSnP,CsGeAs,Cs,Ge,As,P63mc-NaSnP,55.0,59.4,-5.1,P6_3mc,13,True,0,0.0
KSnN_P63mc-NaSnP,KSnN,K,Sn,N,P63mc-NaSnP,60.6,189.5,2.5,P6_3mc,17,True,0,0.0
RbGeP_R3m-oct,RbGeP,Rb,Ge,P,R3m-oct,62.2,59.5,-2.6,R3m,4,True,1,22.0
CsGeAs_R3m-oct,CsGeAs,Cs,Ge,As,R3m-oct,71.7,76.1,3.4,R3m,10,True,1,16.7
NaSnN_R3m-MCP,NaSnN,Na,Sn,N,R3m-MCP,78.5,204.6,-31.4,R3m,16,True,2,146.6
CuSnAs_P63mc-NaSnP,CuSnAs,Cu,Sn,As,P63mc-NaSnP,82.1,95.7,-25.3,P6_3mc,29,True,0,0.0
AgSnP_R3m-MCP,AgSnP,Ag,Sn,P,R3m-MCP,83.6,93.0,-12.1,R3m,13,True,0,0.0
LiSiP_R3m-oct,LiSiP,Li,Si,P,R3m-oct,84.4,114.8,-1.1,R3m,20,True,0,0.0
CsSnP_R3m-oct,CsSnP,Cs,Sn,P,R3m-oct,85.4,80.4,12.3,R3m,16,True,1,40.7
NaGeN_R3m-oct,NaGeN,Na,Ge,N,R3m-oct,90.9,96.4,6.2,R3m,13,True,1,52.0
CuSnP_P63mc-NaSnP,CuSnP,Cu,Sn,P,P63mc-NaSnP,93.0,103.4,-17.5,P6_3mc,30,True,0,0.0
CsGeP_P63mc-NaSnP,CsGeP,Cs,Ge,P,P63mc-NaSnP,98.3,99.1,2.2,P6_3mc,17,True,0,0.0
AgSnAs_R3m-MCP,AgSnAs,Ag,Sn,As,R3m-MCP,101.1,117.3,-3.3,R3m,14,True,0,0.0
AgGeAs_R3m-MCP,AgGeAs,Ag,Ge,As,R3m-MCP,104.6,109.7,-14.9,R3m,12,True,0,0.0
KSnN_R3m-oct,KSnN,K,Sn,N,R3m-oct,104.8,233.7,-3.5,R3m,10,True,1,44.2
NaSiAs_R3m-oct,NaSiAs,Na,Si,As,R3m-oct,105.1,99.2,0.1,R3m,18,True,0,0.0
CuSiP_R3m-MCP,CuSiP,Cu,Si,P,R3m-MCP,105.1,143.6,-15.2,R3m,11,True,0,0.0
CuSnAs_R3m-oct,CuSnAs,Cu,Sn,As,R3m-oct,105.9,119.5,-30.2,R3m,24,True,1,23.8
AuSnAs_P63mc-NaSnP,SnAsAu,Au,Sn,As,P63mc-NaSnP,109.1,116.8,-16.9,P6_3mc,28,True,0,0.0
RbSiP_P63mc-NaSnP,RbSiP,Rb,Si,P,P63mc-NaSnP,110.7,107.0,0.2,P6_3mc,18,True,0,0.0
LiGeN_R3m-oct,LiGeN,Li,Ge,N,R3m-oct,113.3,115.2,21.4,R3m,14,True,1,74.5
LiSnN_R3m-MCP,LiSnN,Li,Sn,N,R3m-MCP,113.6,136.4,-38.3,R3m,17,True,2,138.8
NaSnP_R3m-MCP,NaSnP,Na,Sn,P,R3m-MCP,116.9,136.0,3.0,R3m,15,True,2,183.0
AgSnAs_P63mc-NaSnP,AgSnAs,Ag,Sn,As,P63mc-NaSnP,117.6,133.8,-17.4,P6_3mc,34,True,1,16.5
CsGeP_R3m-oct,CsGeP,Cs,Ge,P,R3m-oct,118.5,119.4,-4.2,R3m,11,True,1,20.2
NaSiAs_P63mc-NaSnP,NaSiAs,Na,Si,As,P63mc-NaSnP,121.6,115.7,-0.3,P6_3mc,15,True,1,16.5
LiSiP_P63mc-NaSnP,LiSiP,Li,Si,P,P63mc-NaSnP,124.8,155.2,17.5,P6_3mc,21,True,1,40.4
AuSnAs_R3m-MCP,SnAsAu,Au,Sn,As,R3m-MCP,125.2,132.9,-1.8,R3m,12,True,1,16.1
AgSnAs_R3m-oct,AgSnAs,Ag,Sn,As,R3m-oct,126.8,143.0,-19.2,R3m,26,True,2,25.7
RbSiP_R3m-oct,RbSiP,Rb,Si,P,R3m-oct,134.3,130.5,-6.0,R3m,10,True,1,23.6
RbSnN_P63mc-NaSnP,RbSnN,Rb,Sn,N,P63mc-NaSnP,136.9,256.5,0.0,P6_3mc,18,True,0,0.0
AuSnAs_R3m-oct,SnAsAu,Au,Sn,As,R3m-oct,139.6,147.3,-20.2,R3m,26,True,2,30.5
AuSnP_R3m-MCP,SnPAu,Au,Sn,P,R3m-MCP,141.7,152.8,-12.1,R3m,14,True,0,0.0
CuGeP_R3m-MCP,CuGeP,Cu,Ge,P,R3m-MCP,141.9,151.8,-12.0,R3m,12,True,0,0.0
LiSiAs_R3m-oct,LiSiAs,Li,Si,As,R3m-oct,141.9,133.1,-15.8,R3m,15,True,0,0.0
AuGeN_R3m-MCP,GeAuN,Au,Ge,N,R3m-MCP,146.9,148.9,-48.2,R3m,11,True,0,0.0
CuGeN_R3m-MCP,CuGeN,Cu,Ge,N,R3m-MCP,149.5,152.1,-42.6,R3m,15,True,0,0.0
LiSnP_R3m-MCP,LiSnP,Li,Sn,P,R3m-MCP,151.0,171.3,-8.6,R3m,10,True,2,122.5
CuGeAs_R3m-oct,CuGeAs,Cu,Ge,As,R3m-oct,153.6,155.9,-31.0,R3m,30,True,0,0.0
KGeN_P63mc-NaSnP,KGeN,K,Ge,N,P63mc-NaSnP,153.9,193.1,-3.7,P6_3mc,13,True,0,0.0
NaGeP_R3m-MCP,NaGeP,Na,Ge,P,R3m-MCP,155.7,175.4,-14.4,R3m,16,True,2,214.1
AuGeAs_P63mc-NaSnP,GeAsAu,Au,Ge,As,P63mc-NaSnP,156.3,158.5,-5.8,P6_3mc,21,True,2,165.4
AgSnP_P63mc-NaSnP,AgSnP,Ag,Sn,P,P63mc-NaSnP,158.7,168.1,-6.5,P6_3mc,20,True,1,75.1
CuSnP_R3m-oct,CuSnP,Cu,Sn,P,R3m-oct,165.0,175.4,-32.1,R3m,23,True,1,72.0
NaGeN_R3m-MCP,NaGeN,Na,Ge,N,R3m-MCP,165.3,170.8,-44.7,R3m,16,True,2,126.4
CuSnN_R3m-MCP,CuSnN,Cu,Sn,N,R3m-MCP,166.3,177.4,-42.6,R3m,17,True,0,0.0
NaSnAs_R3m-MCP,NaSnAs,Na,Sn,As,R3m-MCP,166.9,169.3,11.3,R3m,15,True,2,197.9
AgGeP_P63mc-NaSnP,AgGeP,Ag,Ge,P,P63mc-NaSnP,169.5,179.9,6.1,P6_3mc,15,True,1,129.2
NaGeAs_R3m-MCP,NaGeAs,Na,Ge,As,R3m-MCP,173.8,186.4,-6.3,R3m,11,True,2,219.7
AgSiAs_R3m-MCP,SiAgAs,Ag,Si,As,R3m-MCP,176.7,161.1,-15.0,R3m,14,True,0,0.0
CuGeAs_P63mc-NaSnP,CuGeAs,Cu,Ge,As,P63mc-NaSnP,177.6,180.0,-18.0,P6_3mc,29,True,1,24.0
LiGeP_R3m-MCP,LiGeP,Li,Ge,P,R3m-MCP,184.1,203.6,-12.6,R3m,15,True,2,197.0
LiSiAs_P63mc-NaSnP,LiSiAs,Li,Si,As,P63mc-NaSnP,184.7,175.9,4.1,P6_3mc,21,True,1,42.8
AgSnP_R3m-oct,AgSnP,Ag,Sn,P,R3m-oct,187.6,197.0,-21.3,R3m,19,True,2,104.0
RbSnAs_R3m-MCP,RbSnAs,Rb,Sn,As,R3m-MCP,190.6,194.1,33.8,R3m,13,True,2,233.9
AgGeAs_P63mc-NaSnP,AgGeAs,Ag,Ge,As,P63mc-NaSnP,193.9,198.9,-5.4,P6_3mc,18,True,1,89.3
AuGeAs_R3m-oct,GeAsAu,Au,Ge,As,R3m-oct,195.8,198.0,-21.3,R3m,18,True,3,204.9
AuSiP_P63mc-NaSnP,SiPAu,Au,Si,P,P63mc-NaSnP,196.2,231.3,8.1,P6_3mc,19,True,1,339.1
KSnAs_R3m-MCP,KSnAs,K,Sn,As,R3m-MCP,196.8,203.4,29.0,R3m,11,True,2,246.3
KGeN_R3m-oct,KGeN,K,Ge,N,R3m-oct,196.8,236.0,-11.0,R3m,12,True,1,42.9
RbSnP_R3m-MCP,RbSnP,Rb,Sn,P,R3m-MCP,198.6,197.3,24.7,R3m,13,True,2,223.4
LiSnAs_R3m-MCP,LiSnAs,Li,Sn,As,R3m-MCP,198.9,213.5,-0.0,R3m,12,True,2,163.7
AgGeP_R3m-oct,AgGeP,Ag,Ge,P,R3m-oct,199.9,210.3,-11.2,R3m,16,True,2,159.6
AgSnN_R3m-MCP,AgSnN,Ag,Sn,N,R3m-MCP,201.1,207.5,-37.9,R3m,16,True,0,0.0
AuSnP_P63mc-NaSnP,SnPAu,Au,Sn,P,P63mc-NaSnP,202.1,213.2,-8.8,P6_3mc,21,True,1,60.4
RbSnN_R3m-oct,RbSnN,Rb,Sn,N,R3m-oct,202.7,322.2,-5.9,R3m,10,True,1,65.8
AgGeN_R3m-MCP,AgGeN,Ag,Ge,N,R3m-MCP,205.8,210.6,-50.4,R3m,15,True,0,0.0
LiGeN_R3m-MCP,LiGeN,Li,Ge,N,R3m-MCP,208.1,209.9,-35.8,R3m,13,True,2,169.3
KSnP_R3m-MCP,KSnP,K,Sn,P,R3m-MCP,209.9,205.0,21.8,R3m,12,True,2,232.7
KSiAs_P63mc-NaSnP,KSiAs,K,Si,As,P63mc-NaSnP,212.3,213.8,-6.1,P6_3mc,19,True,0,0.0
AgGeAs_R3m-oct,AgGeAs,Ag,Ge,As,R3m-oct,212.7,217.7,-20.4,R3m,13,True,2,108.1
KSiAs_R3m-oct,KSiAs,K,Si,As,R3m-oct,212.7,214.2,11.7,R3m,12,True,1,0.4
KSiP_P63mc-NaSnP,KSiP,K,Si,P,P63mc-NaSnP,213.0,227.8,3.4,P6_3mc,17,True,0,0.0
AgSiP_P63mc-NaSnP,SiAgP,Ag,Si,P,P63mc-NaSnP,214.7,263.2,8.0,P6_3mc,18,True,1,188.7
AuGeP_P63mc-NaSnP,GePAu,Au,Ge,P,P63mc-NaSnP,215.0,222.0,5.2,P6_3mc,16,True,1,212.9
CuGeAs_R3m-MCP,CuGeAs,Cu,Ge,As,R3m-MCP,216.4,218.7,-12.2,R3m,9,True,2,62.8
KSiP_R3m-oct,KSiP,K,Si,P,R3m-oct,224.1,238.8,2.7,R3m,11,True,1,11.1
CuGeP_P63mc-NaSnP,CuGeP,Cu,Ge,P,P63mc-NaSnP,224.2,234.1,-10.0,P6_3mc,25,True,1,82.3
RbSiAs_P63mc-NaSnP,RbSiAs,Rb,Si,As,P63mc-NaSnP,228.1,235.8,-9.4,P6_3mc,19,True,0,0.0
AuSiAs_P63mc-NaSnP,SiAsAu,Au,Si,As,P63mc-NaSnP,229.0,210.6,-3.7,P6_3mc,18,True,1,219.1
LiGeAs_R3m-MCP,LiGeAs,Li,Ge,As,R3m-MCP,232.7,238.0,-3.9,R3m,12,True,2,224.9
RbSiAs_R3m-oct,RbSiAs,Rb,Si,As,R3m-oct,233.5,241.2,2.3,R3m,10,True,1,5.4
CuSnP_R3m-MCP,CuSnP,Cu,Sn,P,R3m-MCP,237.4,247.8,-17.3,R3m,14,True,2,144.4
CuGeP_R3m-oct,CuGeP,Cu,Ge,P,R3m-oct,238.9,248.7,-22.8,R3m,21,True,2,97.0
LiSiN_P63mc-NaSnP,LiSiN,Li,Si,N,P63mc-NaSnP,243.3,245.6,-18.1,P6_3mc,18,True,0,0.0
RbGeAs_R3m-MCP,RbGeAs,Rb,Ge,As,R3m-MCP,243.5,250.6,14.8,R3m,13,True,2,242.7
AgSiP_R3m-oct,SiAgP,Ag,Si,P,R3m-oct,243.6,292.1,-8.8,R3m,18,True,2,217.6
CsSnN_P63mc-NaSnP,CsSnN,Cs,Sn,N,P63mc-NaSnP,250.4,371.2,-7.0,P6_3mc,16,True,0,0.0
CuSiP_P63mc-NaSnP,CuSiP,Cu,Si,P,P63mc-NaSnP,250.9,289.4,-8.7,P6_3mc,17,True,1,145.8
AuSiP_R3m-oct,SiPAu,Au,Si,P,R3m-oct,251.5,286.5,-8.8,R3m,18,True,2,394.4
NaSiP_R3m-MCP,NaSiP,Na,Si,P,R3m-MCP,255.0,277.7,-19.0,R3m,16,True,2,204.2
AuSnP_R3m-oct,SnPAu,Au,Sn,P,R3m-oct,255.2,266.3,-22.2,R3m,19,True,2,113.5
CuSnAs_R3m-MCP,CuSnAs,Cu,Sn,As,R3m-MCP,257.6,271.1,-7.6,R3m,14,True,2,175.5
LiSiP_R3m-MCP,LiSiP,Li,Si,P,R3m-MCP,261.5,291.9,-8.9,R3m,12,True,2,177.1
RbGeN_P63mc-NaSnP,RbGeN,Rb,Ge,N,P63mc-NaSnP,262.6,344.0,-7.2,P6_3mc,16,True,0,0.0
AuSiAs_R3m-oct,SiAsAu,Au,Si,As,R3m-oct,266.0,247.6,-19.2,R3m,17,True,2,256.1
KGeP_R3m-MCP,KGeP,K,Ge,P,R3m-MCP,272.6,266.2,0.5,R3m,15,True,2,246.9
CsSnAs_R3m-MCP,CsSnAs,Cs,Sn,As,R3m-MCP,273.5,269.1,40.5,R3m,16,True,2,267.2
KGeAs_R3m-MCP,KGeAs,K,Ge,As,R3m-MCP,274.9,286.5,9.4,R3m,12,True,2,259.6
CuSiP_R3m-oct,CuSiP,Cu,Si,P,R3m-oct,275.6,314.1,-23.0,R3m,18,True,2,170.5
AuGeP_R3m-oct,GePAu,Au,Ge,P,R3m-oct,281.5,288.5,-11.9,R3m,18,True,2,279.4
RbGeP_R3m-MCP,RbGeP,Rb,Ge,P,R3m-MCP,281.8,279.0,5.3,R3m,8,True,2,241.6
CuSiAs_R3m-MCP,CuSiAs,Cu,Si,As,R3m-MCP,282.1,274.3,-13.0,R3m,10,True,0,0.0
KSnN_R3m-MCP,KSnN,K,Sn,N,R3m-MCP,290.9,419.7,-20.0,R3m,15,True,2,230.3
NaSiN_P63mc-NaSnP,NaSiN,Na,Si,N,P63mc-NaSnP,292.8,299.7,3.2,P6_3mc,19,True,0,0.0
AuSnN_R3m-MCP,SnAuN,Au,Sn,N,R3m-MCP,295.4,303.6,-39.1,R3m,17,True,0,0.0
AgSiAs_P63mc-NaSnP,SiAgAs,Ag,Si,As,P63mc-NaSnP,297.2,281.5,-2.2,P6_3mc,18,True,1,120.5
CuSiAs_R3m-oct,CuSiAs,Cu,Si,As,R3m-oct,300.2,292.3,-30.7,R3m,25,True,1,18.1
NaSiAs_R3m-MCP,NaSiAs,Na,Si,As,R3m-MCP,300.8,294.9,-11.9,R3m,10,True,2,195.7
CsSnP_R3m-MCP,CsSnP,Cs,Sn,P,R3m-MCP,302.2,297.2,32.5,R3m,16,True,2,257.5
CsSiAs_R3m-oct,CsSiAs,Cs,Si,As,R3m-oct,302.8,306.2,0.3,R3m,10,True,0,0.0
CuSiAs_P63mc-NaSnP,CuSiAs,Cu,Si,As,P63mc-NaSnP,304.1,296.3,-18.0,P6_3mc,22,True,2,22.0
CsSiAs_P63mc-NaSnP,CsSiAs,Cs,Si,As,P63mc-NaSnP,304.6,308.0,-7.8,P6_3mc,19,True,1,1.8
CsSiP_P63mc-NaSnP,CsSiP,Cs,Si,P,P63mc-NaSnP,310.2,323.6,-0.9,P6_3mc,18,True,0,0.0
CsGeAs_R3m-MCP,CsGeAs,Cs,Ge,As,R3m-MCP,310.7,315.1,20.3,R3m,13,True,2,255.7
CsSiP_R3m-oct,CsSiP,Cs,Si,P,R3m-oct,319.3,332.7,-6.7,R3m,7,True,1,9.1
CsSnN_R3m-oct,CsSnN,Cs,Sn,N,R3m-oct,319.9,440.7,-14.7,R3m,10,True,1,69.5
RbGeN_R3m-oct,RbGeN,Rb,Ge,N,R3m-oct,321.3,402.7,-17.3,R3m,13,True,1,58.7
AgSiAs_R3m-oct,SiAgAs,Ag,Si,As,R3m-oct,322.1,306.4,-17.3,R3m,18,True,2,145.4
AuSiN_R3m-MCP,SiAuN,Au,Si,N,R3m-MCP,322.7,321.9,-46.7,R3m,22,True,0,0.0
LiSiN_R3m-oct,LiSiN,Li,Si,N,R3m-oct,323.4,325.7,5.2,R3m,10,True,1,80.1
LiSiAs_R3m-MCP,LiSiAs,Li,Si,As,R3m-MCP,326.2,317.4,-1.8,R3m,6,True,2,184.3
NaSiN_R3m-oct,NaSiN,Na,Si,N,R3m-oct,331.1,337.9,-2.6,R3m,14,True,1,38.3
AuGeN_R3m-oct,GeAuN,Au,Ge,N,R3m-oct,332.3,334.4,35.0,R3m,13,True,1,185.4
AuGeN_P63mc-NaSnP,GeAuN,Au,Ge,N,P63mc-NaSnP,333.9,335.9,28.3,P6_3mc,19,True,2,187.0
AgGeN_P63mc-NaSnP,AgGeN,Ag,Ge,N,P63mc-NaSnP,345.6,350.4,16.5,P6_3mc,17,True,1,139.8
CsGeP_R3m-MCP,CsGeP,Cs,Ge,P,R3m-MCP,349.1,350.0,12.5,R3m,15,True,2,250.8
RbSiP_R3m-MCP,RbSiP,Rb,Si,P,R3m-MCP,353.9,350.1,2.8,R3m,14,True,2,243.2
AgSnN_P63mc-NaSnP,AgSnN,Ag,Sn,N,P63mc-NaSnP,355.6,362.0,14.3,P6_3mc,17,True,1,154.5
CuSiN_R3m-MCP,CuSiN,Cu,Si,N,R3m-MCP,357.8,358.6,-44.1,R3m,15,True,0,0.0
AgGeN_R3m-oct,AgGeN,Ag,Ge,N,R3m-oct,367.2,372.0,16.9,R3m,14,True,2,161.4
NaSiN_R3m-MCP,NaSiN,Na,Si,N,R3m-MCP,367.5,374.4,-50.6,R3m,19,True,2,74.7
AuSiN_R3m-oct,SiAuN,Au,Si,N,R3m-oct,368.1,367.3,44.7,R3m,13,True,1,45.4
AuSiN_P63mc-NaSnP,SiAuN,Au,Si,N,P63mc-NaSnP,368.6,367.8,21.2,P6_3mc,21,True,2,45.9
AgSnN_R3m-oct,AgSnN,Ag,Sn,N,R3m-oct,370.7,377.1,8.7,R3m,13,True,2,169.6
KGeN_R3m-MCP,KGeN,K,Ge,N,R3m-MCP,374.5,413.6,-32.9,R3m,17,True,2,220.6
CsGeN_P63mc-NaSnP,CsGeN,Cs,Ge,N,P63mc-NaSnP,382.6,469.9,-18.8,P6_3mc,17,True,0,0.0
RbSnN_R3m-MCP,RbSnN,Rb,Sn,N,R3m-MCP,387.2,506.8,-13.3,R3m,15,True,2,250.3
AuCP_R3m-MCP,PAuC,Au,C,P,R3m-MCP,394.7,398.3,-40.8,R3m,16,True,0,0.0
AgSiN_R3m-MCP,SiAgN,Ag,Si,N,R3m-MCP,397.1,399.0,-50.6,R3m,17,True,0,0.0
CuSnN_P63mc-NaSnP,CuSnN,Cu,Sn,N,P63mc-NaSnP,400.1,411.1,10.3,P6_3mc,18,True,1,233.8
LiCP_P63mc-NaSnP,LiPC,Li,C,P,P63mc-NaSnP,400.3,416.5,-10.9,P6_3mc,20,True,0,0.0
LiCP_R3m-oct,LiPC,Li,C,P,R3m-oct,403.1,419.3,7.6,R3m,17,True,1,2.8
KGeN_mp-1245591,KGeN,K,Ge,N,mp-1245591,407.1,446.2,97.0,Cm,66,True,3,253.2
CuGeN_P63mc-NaSnP,CuGeN,Cu,Ge,N,P63mc-NaSnP,408.2,410.8,-2.3,P6_3mc,17,True,1,258.7
CuSnN_R3m-oct,CuSnN,Cu,Sn,N,R3m-oct,414.3,425.4,-8.2,R3m,15,True,2,248.0
CuGeN_R3m-oct,CuGeN,Cu,Ge,N,R3m-oct,419.1,421.7,10.8,R3m,18,True,2,269.6
LiSiN_R3m-MCP,LiSiN,Li,Si,N,R3m-MCP,425.4,427.6,-37.2,R3m,17,True,2,182.1
CuCP_R3m-MCP,CuPC,Cu,C,P,R3m-MCP,439.8,445.9,-33.1,R3m,16,True,0,0.0
CsGeN_R3m-oct,CsGeN,Cs,Ge,N,R3m-oct,463.5,550.8,-26.9,R3m,16,True,1,80.9
KSiP_R3m-MCP,KSiP,K,Si,P,R3m-MCP,468.4,483.1,-4.3,R3m,10,True,2,255.4
RbSiAs_R3m-MCP,RbSiAs,Rb,Si,As,R3m-MCP,469.5,477.2,11.9,R3m,11,True,2,241.4
RbGeN_R3m-MCP,RbGeN,Rb,Ge,N,R3m-MCP,475.6,557.0,-27.6,R3m,17,True,2,213.0
AgCP_R3m-MCP,AgPC,Ag,C,P,R3m-MCP,476.8,479.2,-40.2,R3m,17,True,0,0.0
CsSnN_R3m-MCP,CsSnN,Cs,Sn,N,R3m-MCP,477.4,598.2,-8.3,R3m,16,True,2,227.0
KSiAs_R3m-MCP,KSiAs,K,Si,As,R3m-MCP,478.0,479.5,4.6,R3m,11,True,2,265.7
KSiN_P63mc-NaSnP,KSiN,K,Si,N,P63mc-NaSnP,510.4,515.1,-13.1,P6_3mc,17,True,0,0.0
AgSiN_R3m-oct,SiAgN,Ag,Si,N,R3m-oct,512.4,514.3,43.3,R3m,20,True,1,115.3
NaCP_P63mc-NaSnP,NaPC,Na,C,P,P63mc-NaSnP,526.4,545.5,-23.5,P6_3mc,22,True,0,0.0
AuCP_P63mc-NaSnP,PAuC,Au,C,P,P63mc-NaSnP,526.8,530.4,5.4,P6_3mc,26,True,1,132.1
AuSnN_R3m-oct,SnAuN,Au,Sn,N,R3m-oct,527.5,535.7,14.8,R3m,17,True,1,232.1
LiCP_R3m-MCP,LiPC,Li,C,P,R3m-MCP,530.8,546.9,-27.4,R3m,18,True,2,130.5
NaCP_R3m-MCP,NaPC,Na,C,P,R3m-MCP,530.9,550.0,-49.9,R3m,20,True,1,4.5
NaCP_R3m-oct,NaPC,Na,C,P,R3m-oct,530.9,550.0,-12.4,R3m,19,True,2,4.5
AgCP_P63mc-NaSnP,AgPC,Ag,C,P,P63mc-NaSnP,534.3,536.7,44.2,P6_3mc,44,True,1,57.5
AgSiN_P63mc-NaSnP,SiAgN,Ag,Si,N,P63mc-NaSnP,536.9,538.9,3.6,P6_3mc,18,True,2,139.8
AgCP_R3m-oct,AgPC,Ag,C,P,R3m-oct,537.0,539.3,99.1,R3m,30,True,2,60.2
CuSiN_P63mc-NaSnP,CuSiN,Cu,Si,N,P63mc-NaSnP,540.0,540.7,-10.1,P6_3mc,15,True,1,182.2
AuSnN_P63mc-NaSnP,SnAuN,Au,Sn,N,P63mc-NaSnP,544.2,552.4,20.9,P6_3mc,18,True,2,248.8
CuSiN_R3m-oct,CuSiN,Cu,Si,N,R3m-oct,547.6,548.3,13.4,R3m,13,True,2,189.8
KSiN_R3m-oct,KSiN,K,Si,N,R3m-oct,548.1,552.9,-20.1,R3m,14,True,2,37.7
KSiN_R3m-MCP,KSiN,K,Si,N,R3m-MCP,548.1,552.9,-47.4,R3m,25,True,1,37.7
CsGeN_R3m-MCP,CsGeN,Cs,Ge,N,R3m-MCP,558.0,645.2,-22.4,R3m,16,True,2,175.4
CsSiAs_R3m-MCP,CsSiAs,Cs,Si,As,R3m-MCP,561.9,565.3,17.9,R3m,14,True,2,259.1
CsSiP_R3m-MCP,CsSiP,Cs,Si,P,R3m-MCP,569.3,582.6,10.3,R3m,16,True,2,259.1
CuCP_P63mc-NaSnP,CuPC,Cu,C,P,P63mc-NaSnP,580.5,586.7,-15.7,P6_3mc,19,True,1,140.7
AuCP_R3m-oct,PAuC,Au,C,P,R3m-oct,606.4,610.0,69.4,R3m,35,True,2,211.7
CuCP_R3m-oct,CuPC,Cu,C,P,R3m-oct,617.0,623.1,7.0,R3m,15,True,2,177.2
AuCAs_R3m-MCP,AsAuC,Au,C,As,R3m-MCP,642.2,644.1,-42.7,R3m,16,True,0,0.0
LiCAs_P63mc-NaSnP,LiAsC,Li,C,As,P63mc-NaSnP,694.9,706.5,-7.3,P6_3mc,20,True,0,0.0
LiCAs_R3m-oct,LiAsC,Li,C,As,R3m-oct,695.5,707.1,22.2,R3m,20,True,1,0.6
CuCAs_R3m-MCP,CuAsC,Cu,C,As,R3m-MCP,711.1,713.1,-37.2,R3m,16,True,0,0.0
KCP_R3m-MCP,KPC,K,C,P,R3m-MCP,721.7,729.3,-48.5,R3m,22,True,0,0.0
KCP_R3m-oct,KPC,K,C,P,R3m-oct,721.7,729.3,-27.8,R3m,16,True,1,0.0
KCP_P63mc-NaSnP,KPC,K,C,P,P63mc-NaSnP,726.6,734.3,-26.6,P6_3mc,21,True,2,4.9
AgCAs_R3m-MCP,AgAsC,Ag,C,As,R3m-MCP,747.0,751.7,-42.5,R3m,12,True,0,0.0
RbSiN_P63mc-NaSnP,RbSiN,Rb,Si,N,P63mc-NaSnP,764.7,767.6,-16.5,P6_3mc,17,True,0,0.0
LiCAs_R3m-MCP,LiAsC,Li,C,As,R3m-MCP,779.9,791.6,-33.5,R3m,14,True,2,85.0
NaCAs_R3m-oct,NaAsC,Na,C,As,R3m-oct,798.9,808.0,1.0,R3m,15,True,0,0.0
RbSiN_R3m-oct,RbSiN,Rb,Si,N,R3m-oct,803.5,806.4,-25.1,R3m,19,True,2,38.8
RbSiN_R3m-MCP,RbSiN,Rb,Si,N,R3m-MCP,803.5,806.4,-40.1,R3m,26,True,1,38.8
NaCAs_P63mc-NaSnP,NaAsC,Na,C,As,P63mc-NaSnP,806.0,815.2,-27.3,P6_3mc,23,True,1,7.1
CsSiN_P63mc-NaSnP,CsSiN,Cs,Si,N,P63mc-NaSnP,869.5,886.9,-26.7,P6_3mc,18,True,0,0.0
KCAs_P63mc-NaSnP,KAsC,K,C,As,P63mc-NaSnP,905.5,929.1,-27.4,P6_3mc,24,True,0,0.0
AgCAs_P63mc-NaSnP,AgAsC,Ag,C,As,P63mc-NaSnP,906.5,911.2,-13.1,P6_3mc,20,True,1,159.5
KCAs_R3m-oct,KAsC,K,C,As,R3m-oct,907.8,931.5,-11.9,R3m,18,True,2,2.3
KCAs_R3m-MCP,KAsC,K,C,As,R3m-MCP,907.8,931.5,-37.1,R3m,43,True,1,2.3
NaCAs_R3m-MCP,NaAsC,Na,C,As,R3m-MCP,908.2,917.4,-43.2,R3m,20,True,2,109.3
AuCAs_P63mc-NaSnP,AsAuC,Au,C,As,P63mc-NaSnP,914.2,916.1,13.7,P6_3mc,30,True,1,272.0
AgCAs_R3m-oct,AgAsC,Ag,C,As,R3m-oct,915.5,920.1,24.2,R3m,17,True,2,168.5
CuCAs_P63mc-NaSnP,CuAsC,Cu,C,As,P63mc-NaSnP,922.8,924.7,-15.6,P6_3mc,20,True,1,211.7
RbCP_P63mc-NaSnP,RbPC,Rb,C,P,P63mc-NaSnP,927.6,928.0,-29.7,P6_3mc,28,True,0,0.0
CsSiN_R3m-oct,CsSiN,Cs,Si,N,R3m-oct,932.4,949.8,-32.9,R3m,14,True,1,62.9
RbCP_R3m-oct,RbPC,Rb,C,P,R3m-oct,938.2,938.6,-34.7,R3m,21,True,2,10.6
RbCP_R3m-MCP,RbPC,Rb,C,P,R3m-MCP,938.2,938.6,-44.2,R3m,22,True,1,10.6
AuCAs_R3m-oct,AsAuC,Au,C,As,R3m-oct,938.6,940.5,38.0,R3m,15,True,2,296.4
CuCAs_R3m-oct,CuAsC,Cu,C,As,R3m-oct,945.9,947.9,-2.1,R3m,13,True,2,234.8
RbCAs_P63mc-NaSnP,RbAsC,Rb,C,As,P63mc-NaSnP,958.7,980.7,-29.3,P6_3mc,26,True,0,0.0
CsSiN_R3m-MCP,CsSiN,Cs,Si,N,R3m-MCP,1018.5,1035.9,-33.2,R3m,19,True,2,149.0
CsCP_P63mc-NaSnP,CsPC,Cs,C,P,P63mc-NaSnP,1019.2,1024.7,-22.2,P6_3mc,26,True,0,0.0
RbCAs_R3m-oct,RbAsC,Rb,C,As,R3m-oct,1020.8,1042.8,-23.9,R3m,19,True,1,62.1
CsCAs_P63mc-NaSnP,CsAsC,Cs,C,As,P63mc-NaSnP,1039.9,1045.0,-29.3,P6_3mc,25,True,0,0.0
CsCP_R3m-oct,CsPC,Cs,C,P,R3m-oct,1064.6,1070.1,-33.8,R3m,17,True,1,45.4
CsCP_R3m-MCP,CsPC,Cs,C,P,R3m-MCP,1096.3,1101.8,-27.0,R3m,21,True,2,77.1
CsCAs_R3m-oct,CsAsC,Cs,C,As,R3m-oct,1108.0,1113.2,-27.4,R3m,17,True,2,68.1
CsCAs_R3m-MCP,CsAsC,Cs,C,As,R3m-MCP,1108.0,1113.2,-27.8,R3m,29,True,1,68.1
RbCAs_R3m-MCP,RbAsC,Rb,C,As,R3m-MCP,1129.2,1151.2,-27.1,R3m,18,True,2,170.5
