candidate,formula,M,E,X,prototype,dE_mix_meV_mace,dE_ml_meV_mace,dE_mix_meV_chgnet,dE_ml_meV_chgnet,dE_mix_mean,dE_mix_spread,caveat,priority,chgnet_top,best_mace,best_chgnet
AuSiP_R3m-MCP,SiPAu,Au,Si,P,R3m-MCP,-107.8,-142.9,-49.2,-119.4,-78.5,58.6,,1,True,True,True
NaSnP_P63mc-NaSnP,NaSnP,Na,Sn,P,P63mc-NaSnP,-47.0,-66.1,20.4,-20.6,-13.3,67.4,,1,True,True,True
KSnAs_P63mc-NaSnP,KSnAs,K,Sn,As,P63mc-NaSnP,-42.9,-49.5,25.4,18.6,-8.8,68.3,,1,True,True,True
NaSnP_R3m-oct,NaSnP,Na,Sn,P,R3m-oct,-40.7,-59.8,39.3,-1.6,-0.7,80.0,,1,True,False,False
RbSnAs_P63mc-NaSnP,RbSnAs,Rb,Sn,As,P63mc-NaSnP,-39.8,-43.3,6.7,-6.2,-16.5,46.5,,1,True,True,True
NaGeP_R3m-oct,NaGeP,Na,Ge,P,R3m-oct,-38.7,-58.4,33.0,-1.6,-2.9,71.7,,1,True,True,False
NaGeAs_R3m-oct,NaGeAs,Na,Ge,As,R3m-oct,-33.4,-45.9,10.1,-11.5,-11.6,43.5,,1,True,True,False
NaSnAs_R3m-oct,NaSnAs,Na,Sn,As,R3m-oct,-28.6,-31.0,46.0,42.0,8.7,74.6,,1,True,True,False
KSnP_P63mc-NaSnP,KSnP,K,Sn,P,P63mc-NaSnP,-27.7,-22.8,43.1,19.4,7.7,70.8,,1,True,True,True
RbSnP_P63mc-NaSnP,RbSnP,Rb,Sn,P,P63mc-NaSnP,-26.1,-24.8,20.4,-43.6,-2.9,46.5,,1,True,True,True
KSnAs_R3m-oct,KSnAs,K,Sn,As,R3m-oct,-26.0,-32.6,66.9,60.1,20.5,92.9,,1,True,False,False
NaGeP_P63mc-NaSnP,NaGeP,Na,Ge,P,P63mc-NaSnP,-25.2,-44.9,24.0,-10.6,-0.6,49.2,,1,True,False,True
RbSnAs_R3m-oct,RbSnAs,Rb,Sn,As,R3m-oct,-21.2,-24.7,63.5,50.6,21.2,84.7,,1,True,False,False
NaSnAs_P63mc-NaSnP,NaSnAs,Na,Sn,As,P63mc-NaSnP,-19.7,-22.1,26.5,22.5,3.4,46.2,,1,True,False,True
AuSiAs_R3m-MCP,SiAsAu,Au,Si,As,R3m-MCP,-8.5,9.9,35.3,11.9,13.4,43.8,,1,True,True,True
NaGeAs_P63mc-NaSnP,NaGeAs,Na,Ge,As,P63mc-NaSnP,-8.0,-20.5,2.6,-18.9,-2.7,10.6,,1,True,False,True
AuGeAs_mp-1224371,GeAsAu,Au,Ge,As,mp-1224371,-6.9,-9.1,-12.3,-45.8,-9.6,5.4,,1,True,True,True
KSnP_R3m-oct,KSnP,K,Sn,P,R3m-oct,-1.6,3.3,79.2,55.5,38.8,80.8,,1,False,False,False
CsSnAs_P63mc-NaSnP,CsSnAs,Cs,Sn,As,P63mc-NaSnP,2.0,6.3,4.5,6.1,3.2,2.5,,2,True,True,True
RbSnP_R3m-oct,RbSnP,Rb,Sn,P,R3m-oct,4.6,5.9,73.5,9.5,39.0,68.9,,2,False,False,False
LiGeP_R3m-oct,LiGeP,Li,Ge,P,R3m-oct,6.6,-12.9,87.0,5.4,46.8,80.4,,2,False,True,False
RbGeAs_P63mc-NaSnP,RbGeAs,Rb,Ge,As,P63mc-NaSnP,7.9,0.8,15.1,-11.6,11.5,7.2,,2,True,True,True
AuGeP_R3m-MCP,GePAu,Au,Ge,P,R3m-MCP,9.0,2.1,33.5,-39.6,21.2,24.5,,2,True,True,True
LiGeAs_R3m-oct,LiGeAs,Li,Ge,As,R3m-oct,13.0,7.8,42.4,-7.3,27.7,29.4,,2,True,True,False
KGeP_P63mc-NaSnP,KGeP,K,Ge,P,P63mc-NaSnP,19.3,25.7,56.8,27.3,38.0,37.5,,2,True,True,True
AuGeAs_R3m-MCP,GeAsAu,Au,Ge,As,R3m-MCP,21.5,19.2,50.1,16.5,35.8,28.6,,2,True,False,False
KGeP_R3m-oct,KGeP,K,Ge,P,R3m-oct,21.7,28.1,68.2,38.8,45.0,46.5,,2,True,False,False
RbGeAs_R3m-oct,RbGeAs,Rb,Ge,As,R3m-oct,21.9,14.8,35.7,9.0,28.8,13.8,,2,True,False,False
KGeAs_P63mc-NaSnP,KGeAs,K,Ge,As,P63mc-NaSnP,26.9,15.3,37.7,53.3,32.3,10.8,,2,True,True,True
KGeAs_R3m-oct,KGeAs,K,Ge,As,R3m-oct,28.2,16.5,53.6,69.2,40.9,25.4,,2,True,False,False
CsSnAs_R3m-oct,CsSnAs,Cs,Sn,As,R3m-oct,30.0,34.4,72.8,74.4,51.4,42.8,,2,False,False,False
RbGeP_P63mc-NaSnP,RbGeP,Rb,Ge,P,P63mc-NaSnP,37.4,40.2,84.2,54.5,60.8,46.8,,2,False,True,True
LiGeP_P63mc-NaSnP,LiGeP,Li,Ge,P,P63mc-NaSnP,38.2,18.7,84.9,3.3,61.6,46.7,,2,False,False,True
CsSnP_P63mc-NaSnP,CsSnP,Cs,Sn,P,P63mc-NaSnP,39.7,44.7,37.8,18.1,38.8,1.9,,2,True,True,True
LiSnP_P63mc-NaSnP,LiSnP,Li,Sn,P,P63mc-NaSnP,48.7,28.5,79.1,-9.0,63.9,30.4,,2,False,True,True
LiSnAs_R3m-oct,LiSnAs,Li,Sn,As,R3m-oct,49.8,35.2,54.0,-10.1,51.9,4.2,,2,True,True,False
LiSnN_P63mc-NaSnP,LiSnN,Li,Sn,N,P63mc-NaSnP,-2.3,-25.2,-16.2,98.3,-9.2,13.9,N,,False,True,True
LiGeN_P63mc-NaSnP,LiGeN,Li,Ge,N,P63mc-NaSnP,40.7,38.8,15.8,133.1,28.2,24.9,N,,False,True,True
NaGeN_P63mc-NaSnP,NaGeN,Na,Ge,N,P63mc-NaSnP,44.3,38.9,-11.3,96.4,16.5,55.6,N,,False,True,True
AgGeP_R3m-MCP,AgGeP,Ag,Ge,P,R3m-MCP,50.7,40.3,107.9,58.7,79.3,57.2,,,False,True,True
LiSnP_R3m-oct,LiSnP,Li,Sn,P,R3m-oct,53.8,33.5,109.3,21.1,81.6,55.5,,,False,False,False
LiGeAs_P63mc-NaSnP,LiGeAs,Li,Ge,As,P63mc-NaSnP,55.8,50.5,40.8,-9.0,48.3,15.0,,,True,False,True
NaSnN_P63mc-NaSnP,NaSnN,Na,Sn,N,P63mc-NaSnP,58.1,-68.1,58.8,22.4,58.4,0.7,N,,False,True,True
CsGeAs_P63mc-NaSnP,CsGeAs,Cs,Ge,As,P63mc-NaSnP,59.4,55.0,13.6,-33.1,36.5,45.8,,,True,True,True
RbGeP_R3m-oct,RbGeP,Rb,Ge,P,R3m-oct,59.5,62.2,101.7,72.0,80.6,42.2,,,False,False,False
LiSnAs_P63mc-NaSnP,LiSnAs,Li,Sn,As,P63mc-NaSnP,65.7,51.1,33.5,-30.6,49.6,32.2,,,True,False,True
LiSnN_R3m-oct,LiSnN,Li,Sn,N,R3m-oct,67.6,44.7,30.4,144.9,49.0,37.2,N,,False,False,False
NaSiP_R3m-oct,NaSiP,Na,Si,P,R3m-oct,73.5,50.8,91.0,41.4,82.2,17.5,,,False,True,False
AgSiP_R3m-MCP,SiAgP,Ag,Si,P,R3m-MCP,74.5,26.0,113.9,48.6,94.2,39.4,,,False,True,True
NaSiP_P63mc-NaSnP,NaSiP,Na,Si,P,P63mc-NaSnP,76.0,53.3,81.8,32.2,78.9,5.8,,,False,False,True
CsGeAs_R3m-oct,CsGeAs,Cs,Ge,As,R3m-oct,76.1,71.7,39.7,-7.0,57.9,36.4,,,True,False,False
CsSnP_R3m-oct,CsSnP,Cs,Sn,P,R3m-oct,80.4,85.4,111.7,91.9,96.1,31.3,,,False,False,False
AgSnP_R3m-MCP,AgSnP,Ag,Sn,P,R3m-MCP,93.0,83.6,208.3,156.3,150.6,115.3,,,False,True,False
CuSnAs_P63mc-NaSnP,CuSnAs,Cu,Sn,As,P63mc-NaSnP,95.7,82.1,81.6,29.0,88.6,14.1,,,False,True,False
NaGeN_R3m-oct,NaGeN,Na,Ge,N,R3m-oct,96.4,90.9,15.4,123.1,55.9,81.0,N,,False,False,False
CsGeP_P63mc-NaSnP,CsGeP,Cs,Ge,P,P63mc-NaSnP,99.1,98.3,85.4,25.0,92.2,13.7,,,False,True,True
NaSiAs_R3m-oct,NaSiAs,Na,Si,As,R3m-oct,99.2,105.1,121.7,105.8,110.4,22.5,,,False,True,False
CuSnP_P63mc-NaSnP,CuSnP,Cu,Sn,P,P63mc-NaSnP,103.4,93.0,114.3,65.0,108.8,10.9,,,False,True,True
RbSiP_P63mc-NaSnP,RbSiP,Rb,Si,P,P63mc-NaSnP,107.0,110.7,68.9,14.1,88.0,38.1,,,False,True,True
AgGeAs_R3m-MCP,AgGeAs,Ag,Ge,As,R3m-MCP,109.7,104.6,148.2,119.5,129.0,38.5,,,False,True,False
LiSiP_R3m-oct,LiSiP,Li,Si,P,R3m-oct,114.8,84.4,145.0,96.9,129.9,30.2,,,False,True,False
LiGeN_R3m-oct,LiGeN,Li,Ge,N,R3m-oct,115.2,113.3,43.6,160.9,79.4,71.6,N,,False,False,False
NaSiAs_P63mc-NaSnP,NaSiAs,Na,Si,As,P63mc-NaSnP,115.7,121.6,116.1,100.1,115.9,0.4,,,False,False,True
AuSnAs_P63mc-NaSnP,SnAsAu,Au,Sn,As,P63mc-NaSnP,116.8,109.1,84.6,51.5,100.7,32.2,,,False,True,True
AgSnAs_R3m-MCP,AgSnAs,Ag,Sn,As,R3m-MCP,117.3,101.1,225.2,175.5,171.2,107.9,,,False,True,False
CsGeP_R3m-oct,CsGeP,Cs,Ge,P,R3m-oct,119.4,118.5,108.2,47.9,113.8,11.2,,,False,False,False
CuSnAs_R3m-oct,CuSnAs,Cu,Sn,As,R3m-oct,119.5,105.9,77.6,25.1,98.6,41.9,,,False,False,True
NaSnN_R3m-oct,NaSnN,Na,Sn,N,R3m-oct,121.2,-5.0,111.2,74.9,116.2,10.0,N,,False,False,False
RbSiP_R3m-oct,RbSiP,Rb,Si,P,R3m-oct,130.5,134.3,94.0,39.2,112.2,36.5,,,False,False,False
AuSnAs_R3m-MCP,SnAsAu,Au,Sn,As,R3m-MCP,132.9,125.2,138.6,105.6,135.8,5.7,,,False,False,False
LiSiAs_R3m-oct,LiSiAs,Li,Si,As,R3m-oct,133.1,141.9,144.7,107.7,138.9,11.6,,,False,True,True
AgSnAs_P63mc-NaSnP,AgSnAs,Ag,Sn,As,P63mc-NaSnP,133.8,117.6,92.2,42.5,113.0,41.6,,,False,False,True
NaSnP_R3m-MCP,NaSnP,Na,Sn,P,R3m-MCP,136.0,116.9,159.5,118.6,147.8,23.5,,,False,False,False
LiSnN_R3m-MCP,LiSnN,Li,Sn,N,R3m-MCP,136.4,113.6,138.2,252.7,137.3,1.8,N,,False,False,False
AgSnAs_R3m-oct,AgSnAs,Ag,Sn,As,R3m-oct,143.0,126.8,101.9,52.2,122.4,41.1,,,False,False,False
CuSiP_R3m-MCP,CuSiP,Cu,Si,P,R3m-MCP,143.6,105.1,229.1,184.4,186.4,85.5,,,False,True,False
AuSnAs_R3m-oct,SnAsAu,Au,Sn,As,R3m-oct,147.3,139.6,96.3,63.2,121.8,51.0,,,False,False,False
AuGeN_R3m-MCP,GeAuN,Au,Ge,N,R3m-MCP,148.9,146.9,111.2,186.2,130.0,37.7,N,,False,True,True
CuGeP_R3m-MCP,CuGeP,Cu,Ge,P,R3m-MCP,151.8,141.9,254.8,188.6,203.3,103.0,,,False,True,False
CuGeN_R3m-MCP,CuGeN,Cu,Ge,N,R3m-MCP,152.1,149.5,162.3,254.2,157.2,10.2,N,,False,True,True
AuSnP_R3m-MCP,SnPAu,Au,Sn,P,R3m-MCP,152.8,141.7,135.0,116.4,143.9,17.8,,,False,True,True
LiSiP_P63mc-NaSnP,LiSiP,Li,Si,P,P63mc-NaSnP,155.2,124.8,143.9,95.8,149.6,11.3,,,False,False,True
CuGeAs_R3m-oct,CuGeAs,Cu,Ge,As,R3m-oct,155.9,153.6,172.2,146.1,164.0,16.3,,,False,True,False
AuGeAs_P63mc-NaSnP,GeAsAu,Au,Ge,As,P63mc-NaSnP,158.5,156.3,103.1,69.5,130.8,55.4,,,False,False,False
AgSiAs_R3m-MCP,SiAgAs,Ag,Si,As,R3m-MCP,161.1,176.7,182.3,163.7,171.7,21.2,,,False,True,True
AgSnP_P63mc-NaSnP,AgSnP,Ag,Sn,P,P63mc-NaSnP,168.1,158.7,151.5,99.5,159.8,16.6,,,False,False,True
NaSnAs_R3m-MCP,NaSnAs,Na,Sn,As,R3m-MCP,169.3,166.9,163.1,159.1,166.2,6.2,,,False,False,False
NaGeN_R3m-MCP,NaGeN,Na,Ge,N,R3m-MCP,170.8,165.3,108.1,215.9,139.4,62.7,N,,False,False,False
LiSnP_R3m-MCP,LiSnP,Li,Sn,P,R3m-MCP,171.3,151.0,307.4,219.2,239.4,136.1,,,False,False,False
NaGeP_R3m-MCP,NaGeP,Na,Ge,P,R3m-MCP,175.4,155.7,120.8,86.2,148.1,54.6,,,False,False,False
CuSnP_R3m-oct,CuSnP,Cu,Sn,P,R3m-oct,175.4,165.0,117.9,68.5,146.6,57.5,,,False,False,False
LiSiAs_P63mc-NaSnP,LiSiAs,Li,Si,As,P63mc-NaSnP,175.9,184.7,148.5,111.6,162.2,27.4,,,False,False,False
CuSnN_R3m-MCP,CuSnN,Cu,Sn,N,R3m-MCP,177.4,166.3,167.7,158.9,172.6,9.7,N,,False,True,True
AgGeP_P63mc-NaSnP,AgGeP,Ag,Ge,P,P63mc-NaSnP,179.9,169.5,148.2,99.0,164.0,31.7,,,False,False,False
CuGeAs_P63mc-NaSnP,CuGeAs,Cu,Ge,As,P63mc-NaSnP,180.0,177.6,150.9,124.8,165.4,29.1,,,False,False,True
NaGeAs_R3m-MCP,NaGeAs,Na,Ge,As,R3m-MCP,186.4,173.8,109.9,88.4,148.2,76.5,,,False,False,False
KSnN_P63mc-NaSnP,KSnN,K,Sn,N,P63mc-NaSnP,189.5,60.6,164.4,133.4,177.0,25.1,N,,False,True,True
KGeN_P63mc-NaSnP,KGeN,K,Ge,N,P63mc-NaSnP,193.1,153.9,68.4,139.1,130.8,124.7,N,,False,True,True
RbSnAs_R3m-MCP,RbSnAs,Rb,Sn,As,R3m-MCP,194.1,190.6,63.6,50.7,128.8,130.5,,,True,False,False
AgSnP_R3m-oct,AgSnP,Ag,Sn,P,R3m-oct,197.0,187.6,163.0,111.0,180.0,34.0,,,False,False,False
RbSnP_R3m-MCP,RbSnP,Rb,Sn,P,R3m-MCP,197.3,198.6,73.5,9.5,135.4,123.8,,,False,False,False
AuGeAs_R3m-oct,GeAsAu,Au,Ge,As,R3m-oct,198.0,195.8,116.5,82.9,157.2,81.5,,,False,False,False
AgGeAs_P63mc-NaSnP,AgGeAs,Ag,Ge,As,P63mc-NaSnP,198.9,193.9,125.9,97.2,162.4,73.0,,,False,False,True
KSnAs_R3m-MCP,KSnAs,K,Sn,As,R3m-MCP,203.4,196.8,197.7,190.9,200.6,5.7,,,False,False,False
LiGeP_R3m-MCP,LiGeP,Li,Ge,P,R3m-MCP,203.6,184.1,242.5,161.0,223.0,38.9,,,False,False,False
NaSnN_R3m-MCP,NaSnN,Na,Sn,N,R3m-MCP,204.6,78.5,184.4,148.1,194.5,20.2,N,,False,False,False
KSnP_R3m-MCP,KSnP,K,Sn,P,R3m-MCP,205.0,209.9,208.2,184.5,206.6,3.2,,,False,False,False
AgSnN_R3m-MCP,AgSnN,Ag,Sn,N,R3m-MCP,207.5,201.1,160.5,119.7,184.0,47.0,N,,False,True,True
LiGeN_R3m-MCP,LiGeN,Li,Ge,N,R3m-MCP,209.9,208.1,149.2,266.5,179.6,60.7,N,,False,False,False
AgGeP_R3m-oct,AgGeP,Ag,Ge,P,R3m-oct,210.3,199.9,156.2,107.1,183.2,54.1,,,False,False,False
AgGeN_R3m-MCP,AgGeN,Ag,Ge,N,R3m-MCP,210.6,205.8,183.4,263.3,197.0,27.2,N,,False,True,True
AuSiAs_P63mc-NaSnP,SiAsAu,Au,Si,As,P63mc-NaSnP,210.6,229.0,91.5,68.1,151.0,119.1,,,False,False,False
AuSnP_P63mc-NaSnP,SnPAu,Au,Sn,P,P63mc-NaSnP,213.2,202.1,185.8,167.1,199.5,27.4,,,False,False,False
LiSnAs_R3m-MCP,LiSnAs,Li,Sn,As,R3m-MCP,213.5,198.9,282.7,218.6,248.1,69.2,,,False,False,False
KSiAs_P63mc-NaSnP,KSiAs,K,Si,As,P63mc-NaSnP,213.8,212.3,192.5,171.2,203.2,21.3,,,False,True,True
KSiAs_R3m-oct,KSiAs,K,Si,As,R3m-oct,214.2,212.7,213.1,191.8,213.6,1.1,,,False,False,False
AgGeAs_R3m-oct,AgGeAs,Ag,Ge,As,R3m-oct,217.7,212.7,134.0,105.3,175.8,83.7,,,False,False,False
CuGeAs_R3m-MCP,CuGeAs,Cu,Ge,As,R3m-MCP,218.7,216.4,281.8,255.7,250.2,63.1,,,False,False,False
AuGeP_P63mc-NaSnP,GePAu,Au,Ge,P,P63mc-NaSnP,222.0,215.0,145.1,72.0,183.6,76.9,,,False,False,False
KSiP_P63mc-NaSnP,KSiP,K,Si,P,P63mc-NaSnP,227.8,213.0,201.4,152.4,214.6,26.4,,,False,True,True
AuSiP_P63mc-NaSnP,SiPAu,Au,Si,P,P63mc-NaSnP,231.3,196.2,64.2,-5.9,147.8,167.1,,,True,False,False
KSnN_R3m-oct,KSnN,K,Sn,N,R3m-oct,233.7,104.8,203.2,172.2,218.4,30.5,N,,False,False,False
CuGeP_P63mc-NaSnP,CuGeP,Cu,Ge,P,P63mc-NaSnP,234.1,224.2,184.3,118.1,209.2,49.8,,,False,False,True
RbSiAs_P63mc-NaSnP,RbSiAs,Rb,Si,As,P63mc-NaSnP,235.8,228.1,202.9,201.0,219.4,32.9,,,False,True,True
KGeN_R3m-oct,KGeN,K,Ge,N,R3m-oct,236.0,196.8,93.5,164.1,164.8,142.5,N,,False,False,False
LiGeAs_R3m-MCP,LiGeAs,Li,Ge,As,R3m-MCP,238.0,232.7,231.6,181.8,234.8,6.4,,,False,False,False
KSiP_R3m-oct,KSiP,K,Si,P,R3m-oct,238.8,224.1,219.7,170.7,229.2,19.1,,,False,False,False
RbSiAs_R3m-oct,RbSiAs,Rb,Si,As,R3m-oct,241.2,233.5,231.1,229.2,236.2,10.1,,,False,False,False
LiSiN_P63mc-NaSnP,LiSiN,Li,Si,N,P63mc-NaSnP,245.6,243.3,283.2,367.6,264.4,37.6,N,,False,True,True
AuSiAs_R3m-oct,SiAsAu,Au,Si,As,R3m-oct,247.6,266.0,92.0,68.6,169.8,155.6,,,False,False,False
CuSnP_R3m-MCP,CuSnP,Cu,Sn,P,R3m-MCP,247.8,237.4,384.2,334.8,316.0,136.4,,,False,False,False
CuGeP_R3m-oct,CuGeP,Cu,Ge,P,R3m-oct,248.7,238.9,186.0,119.8,217.4,62.7,,,False,False,False
RbGeAs_R3m-MCP,RbGeAs,Rb,Ge,As,R3m-MCP,250.6,243.5,151.9,125.1,201.2,98.7,,,False,False,False
RbSnN_P63mc-NaSnP,RbSnN,Rb,Sn,N,P63mc-NaSnP,256.5,136.9,197.8,150.3,227.2,58.7,N,,False,True,True
AgSiP_P63mc-NaSnP,SiAgP,Ag,Si,P,P63mc-NaSnP,263.2,214.7,170.7,105.4,217.0,92.5,,,False,False,False
KGeP_R3m-MCP,KGeP,K,Ge,P,R3m-MCP,266.2,272.6,165.1,135.6,215.6,101.1,,,False,False,False
AuSnP_R3m-oct,SnPAu,Au,Sn,P,R3m-oct,266.3,255.2,186.2,167.6,226.2,80.1,,,False,False,False
CsSnAs_R3m-MCP,CsSnAs,Cs,Sn,As,R3m-MCP,269.1,273.5,72.8,74.4,171.0,196.3,,,False,False,False
CuSnAs_R3m-MCP,CuSnAs,Cu,Sn,As,R3m-MCP,271.1,257.6,371.1,318.5,321.1,100.0,,,False,False,False
CuSiAs_R3m-MCP,CuSiAs,Cu,Si,As,R3m-MCP,274.3,282.1,325.9,312.4,300.1,51.6,,,False,True,False
NaSiP_R3m-MCP,NaSiP,Na,Si,P,R3m-MCP,277.7,255.0,165.1,115.5,221.4,112.6,,,False,False,False
RbGeP_R3m-MCP,RbGeP,Rb,Ge,P,R3m-MCP,279.0,281.8,101.8,72.0,190.4,177.2,,,False,False,False
AgSiAs_P63mc-NaSnP,SiAgAs,Ag,Si,As,P63mc-NaSnP,281.5,297.2,197.6,179.0,239.6,83.9,,,False,False,False
AuSiP_R3m-oct,SiPAu,Au,Si,P,R3m-oct,286.5,251.5,65.6,-4.5,176.0,220.9,,,True,False,False
KGeAs_R3m-MCP,KGeAs,K,Ge,As,R3m-MCP,286.5,274.9,162.0,177.5,224.2,124.5,,,False,False,False
AuGeP_R3m-oct,GePAu,Au,Ge,P,R3m-oct,288.5,281.5,155.6,82.5,222.0,132.9,,,False,False,False
CuSiP_P63mc-NaSnP,CuSiP,Cu,Si,P,P63mc-NaSnP,289.4,250.9,166.3,121.6,227.8,123.1,,,False,False,True
LiSiP_R3m-MCP,LiSiP,Li,Si,P,R3m-MCP,291.9,261.5,306.2,258.1,299.0,14.3,,,False,False,False
AgSiP_R3m-oct,SiAgP,Ag,Si,P,R3m-oct,292.1,243.6,176.8,111.5,234.4,115.3,,,False,False,False
CuSiAs_R3m-oct,CuSiAs,Cu,Si,As,R3m-oct,292.3,300.2,219.4,205.9,255.8,72.9,,,False,False,False
NaSiAs_R3m-MCP,NaSiAs,Na,Si,As,R3m-MCP,294.9,300.8,206.8,190.8,250.8,88.1,,,False,False,False
CuSiAs_P63mc-NaSnP,CuSiAs,Cu,Si,As,P63mc-NaSnP,296.3,304.1,207.6,194.1,252.0,88.7,,,False,False,True
CsSnP_R3m-MCP,CsSnP,Cs,Sn,P,R3m-MCP,297.2,302.2,111.7,91.9,204.4,185.5,,,False,False,False
NaSiN_P63mc-NaSnP,NaSiN,Na,Si,N,P63mc-NaSnP,299.7,292.8,279.2,376.0,289.4,20.5,N,,False,True,True
AuSnN_R3m-MCP,SnAuN,Au,Sn,N,R3m-MCP,303.6,295.4,147.8,131.1,225.7,155.8,N,,False,True,True
CsSiAs_R3m-oct,CsSiAs,Cs,Si,As,R3m-oct,306.2,302.8,222.9,231.1,264.6,83.3,,,False,True,False
AgSiAs_R3m-oct,SiAgAs,Ag,Si,As,R3m-oct,306.4,322.1,202.2,183.6,254.3,104.2,,,False,False,False
CsSiAs_P63mc-NaSnP,CsSiAs,Cs,Si,As,P63mc-NaSnP,308.0,304.6,197.5,205.7,252.8,110.5,,,False,False,True
CuSiP_R3m-oct,CuSiP,Cu,Si,P,R3m-oct,314.1,275.6,180.9,136.2,247.5,133.2,,,False,False,False
CsGeAs_R3m-MCP,CsGeAs,Cs,Ge,As,R3m-MCP,315.1,310.7,148.0,101.4,231.6,167.1,,,False,False,False
LiSiAs_R3m-MCP,LiSiAs,Li,Si,As,R3m-MCP,317.4,326.2,328.4,291.5,322.9,11.0,,,False,False,False
AuSiN_R3m-MCP,SiAuN,Au,Si,N,R3m-MCP,321.9,322.7,194.9,278.4,258.4,127.0,N,,False,True,True
RbSnN_R3m-oct,RbSnN,Rb,Sn,N,R3m-oct,322.2,202.7,234.0,186.5,278.1,88.2,N,,False,False,False
CsSiP_P63mc-NaSnP,CsSiP,Cs,Si,P,P63mc-NaSnP,323.6,310.2,196.3,226.5,260.0,127.3,,,False,True,True
LiSiN_R3m-oct,LiSiN,Li,Si,N,R3m-oct,325.7,323.4,313.9,398.2,319.8,11.8,N,,False,False,False
CsSiP_R3m-oct,CsSiP,Cs,Si,P,R3m-oct,332.7,319.3,218.7,248.9,275.7,114.0,,,False,False,False
AuGeN_R3m-oct,GeAuN,Au,Ge,N,R3m-oct,334.4,332.3,171.6,246.6,253.0,162.8,N,,False,False,False
AuGeN_P63mc-NaSnP,GeAuN,Au,Ge,N,P63mc-NaSnP,335.9,333.9,170.3,245.3,253.1,165.6,N,,False,False,False
NaSiN_R3m-oct,NaSiN,Na,Si,N,R3m-oct,337.9,331.1,317.5,414.3,327.7,20.4,N,,False,False,False
RbGeN_P63mc-NaSnP,RbGeN,Rb,Ge,N,P63mc-NaSnP,344.0,262.6,122.4,121.0,233.2,221.6,N,,False,True,True
CsGeP_R3m-MCP,CsGeP,Cs,Ge,P,R3m-MCP,350.0,349.1,108.2,47.9,229.1,241.8,,,False,False,False
RbSiP_R3m-MCP,RbSiP,Rb,Si,P,R3m-MCP,350.1,353.9,94.0,39.2,222.0,256.1,,,False,False,False
AgGeN_P63mc-NaSnP,AgGeN,Ag,Ge,N,P63mc-NaSnP,350.4,345.6,224.9,304.7,287.6,125.5,N,,False,False,False
CuSiN_R3m-MCP,CuSiN,Cu,Si,N,R3m-MCP,358.6,357.8,372.6,472.1,365.6,14.0,N,,False,True,True
AgSnN_P63mc-NaSnP,AgSnN,Ag,Sn,N,P63mc-NaSnP,362.0,355.6,214.4,173.6,288.2,147.6,N,,False,False,False
AuSiN_R3m-oct,SiAuN,Au,Si,N,R3m-oct,367.3,368.1,326.8,410.3,347.0,40.5,N,,False,False,False
AuSiN_P63mc-NaSnP,SiAuN,Au,Si,N,P63mc-NaSnP,367.8,368.6,323.3,406.8,345.6,44.5,N,,False,False,False
CsSnN_P63mc-NaSnP,CsSnN,Cs,Sn,N,P63mc-NaSnP,371.2,250.4,245.1,238.7,308.2,126.1,N,,False,True,True
AgGeN_R3m-oct,AgGeN,Ag,Ge,N,R3m-oct,372.0,367.2,225.9,305.8,299.0,146.1,N,,False,False,False
NaSiN_R3m-MCP,NaSiN,Na,Si,N,R3m-MCP,374.4,367.5,317.6,414.5,346.0,56.8,N,,False,False,False
AgSnN_R3m-oct,AgSnN,Ag,Sn,N,R3m-oct,377.1,370.7,218.9,178.1,298.0,158.2,N,,False,False,False
AuCP_R3m-MCP,PAuC,Au,C,P,R3m-MCP,398.3,394.7,251.7,221.6,325.0,146.6,C,,False,True,True
AgSiN_R3m-MCP,SiAgN,Ag,Si,N,R3m-MCP,399.0,397.1,355.1,443.4,377.0,43.9,N,,False,True,True
RbGeN_R3m-oct,RbGeN,Rb,Ge,N,R3m-oct,402.7,321.3,150.4,148.9,276.6,252.3,N,,False,False,False
CuGeN_P63mc-NaSnP,CuGeN,Cu,Ge,N,P63mc-NaSnP,410.8,408.2,270.7,362.6,340.8,140.1,N,,False,False,False
CuSnN_P63mc-NaSnP,CuSnN,Cu,Sn,N,P63mc-NaSnP,411.1,400.1,278.8,270.0,345.0,132.3,N,,False,False,False
KGeN_R3m-MCP,KGeN,K,Ge,N,R3m-MCP,413.6,374.5,172.6,243.3,293.1,241.0,N,,False,False,False
LiCP_P63mc-NaSnP,LiPC,Li,C,P,P63mc-NaSnP,416.5,400.3,416.7,378.1,416.6,0.2,C,,False,True,False
LiCP_R3m-oct,LiPC,Li,C,P,R3m-oct,419.3,403.1,403.3,364.8,411.3,16.0,C,,False,False,False
KSnN_R3m-MCP,KSnN,K,Sn,N,R3m-MCP,419.7,290.9,280.4,249.4,350.0,139.3,N,,False,False,False
CuGeN_R3m-oct,CuGeN,Cu,Ge,N,R3m-oct,421.7,419.1,269.7,361.6,345.7,152.0,N,,False,False,False
CuSnN_R3m-oct,CuSnN,Cu,Sn,N,R3m-oct,425.4,414.3,284.7,275.9,355.0,140.7,N,,False,False,False
LiSiN_R3m-MCP,LiSiN,Li,Si,N,R3m-MCP,427.6,425.4,296.5,380.8,362.0,131.1,N,,False,False,False
CsSnN_R3m-oct,CsSnN,Cs,Sn,N,R3m-oct,440.7,319.9,287.1,280.8,363.9,153.6,N,,False,False,False
CuCP_R3m-MCP,CuPC,Cu,C,P,R3m-MCP,445.9,439.8,276.6,247.2,361.2,169.3,C,,False,True,True
KGeN_mp-1245591,KGeN,K,Ge,N,mp-1245591,446.2,407.1,538.9,609.6,492.6,92.7,N,,False,False,False
CsGeN_P63mc-NaSnP,CsGeN,Cs,Ge,N,P63mc-NaSnP,469.9,382.6,176.7,190.8,323.3,293.2,N,,False,True,True
RbSiAs_R3m-MCP,RbSiAs,Rb,Si,As,R3m-MCP,477.2,469.5,231.1,229.2,354.2,246.1,,,False,False,False
AgCP_R3m-MCP,AgPC,Ag,C,P,R3m-MCP,479.2,476.8,291.9,258.4,385.5,187.3,C,,False,True,True
KSiAs_R3m-MCP,KSiAs,K,Si,As,R3m-MCP,479.5,478.0,213.2,191.9,346.4,266.3,,,False,False,False
KSiP_R3m-MCP,KSiP,K,Si,P,R3m-MCP,483.1,468.4,219.7,170.7,351.4,263.4,,,False,False,False
RbSnN_R3m-MCP,RbSnN,Rb,Sn,N,R3m-MCP,506.8,387.2,314.6,267.0,410.7,192.2,N,,False,False,False
AgSiN_R3m-oct,SiAgN,Ag,Si,N,R3m-oct,514.3,512.4,421.9,510.2,468.1,92.4,N,,False,False,False
KSiN_P63mc-NaSnP,KSiN,K,Si,N,P63mc-NaSnP,515.1,510.4,401.2,493.3,458.2,113.9,N,,False,True,True
AuCP_P63mc-NaSnP,PAuC,Au,C,P,P63mc-NaSnP,530.4,526.8,347.7,317.6,439.0,182.7,C,,False,False,False
AuSnN_R3m-oct,SnAuN,Au,Sn,N,R3m-oct,535.7,527.5,238.9,222.2,387.3,296.8,N,,False,False,False
AgCP_P63mc-NaSnP,AgPC,Ag,C,P,P63mc-NaSnP,536.7,534.3,468.8,435.3,502.8,67.9,C,,False,False,False
AgSiN_P63mc-NaSnP,SiAgN,Ag,Si,N,P63mc-NaSnP,538.9,536.9,420.0,508.3,479.4,118.9,N,,False,False,False
AgCP_R3m-oct,AgPC,Ag,C,P,R3m-oct,539.3,537.0,468.8,435.3,504.0,70.5,C,,False,False,False
CuSiN_P63mc-NaSnP,CuSiN,Cu,Si,N,P63mc-NaSnP,540.7,540.0,396.9,496.4,468.8,143.8,N,,False,False,False
NaCP_P63mc-NaSnP,NaPC,Na,C,P,P63mc-NaSnP,545.5,526.4,416.2,403.4,480.8,129.3,C,,False,True,False
LiCP_R3m-MCP,LiPC,Li,C,P,R3m-MCP,546.9,530.8,376.5,337.9,461.7,170.4,C,,False,False,True
CuSiN_R3m-oct,CuSiN,Cu,Si,N,R3m-oct,548.3,547.6,399.1,498.6,473.7,149.2,N,,False,False,False
NaCP_R3m-MCP,NaPC,Na,C,P,R3m-MCP,550.0,530.9,412.0,399.2,481.0,138.0,C,,False,False,True
NaCP_R3m-oct,NaPC,Na,C,P,R3m-oct,550.0,530.9,412.0,399.3,481.0,138.0,C,,False,False,True
CsGeN_R3m-oct,CsGeN,Cs,Ge,N,R3m-oct,550.8,463.5,205.0,219.2,377.9,345.8,N,,False,False,False
AuSnN_P63mc-NaSnP,SnAuN,Au,Sn,N,P63mc-NaSnP,552.4,544.2,234.4,217.6,393.4,318.0,N,,False,False,False
KSiN_R3m-oct,KSiN,K,Si,N,R3m-oct,552.9,548.1,420.1,512.2,486.5,132.8,N,,False,False,False
KSiN_R3m-MCP,KSiN,K,Si,N,R3m-MCP,552.9,548.1,480.7,572.8,516.8,72.2,N,,False,False,False
RbGeN_R3m-MCP,RbGeN,Rb,Ge,N,R3m-MCP,557.0,475.6,224.8,223.3,390.9,332.2,N,,False,False,False
CsSiAs_R3m-MCP,CsSiAs,Cs,Si,As,R3m-MCP,565.3,561.9,222.9,231.1,394.1,342.4,,,False,False,False
CsSiP_R3m-MCP,CsSiP,Cs,Si,P,R3m-MCP,582.6,569.3,218.7,248.9,400.6,363.9,,,False,False,False
CuCP_P63mc-NaSnP,CuPC,Cu,C,P,P63mc-NaSnP,586.7,580.5,597.8,568.3,592.2,11.1,C,,False,False,False
CsSnN_R3m-MCP,CsSnN,Cs,Sn,N,R3m-MCP,598.2,477.4,343.8,337.4,471.0,254.4,N,,False,False,False
AuCP_R3m-oct,PAuC,Au,C,P,R3m-oct,610.0,606.4,520.4,490.3,565.2,89.6,C,,False,False,False
CuCP_R3m-oct,CuPC,Cu,C,P,R3m-oct,623.1,617.0,572.6,543.1,597.8,50.5,C,,False,False,False
AuCAs_R3m-MCP,AsAuC,Au,C,As,R3m-MCP,644.1,642.2,527.8,492.6,586.0,116.3,C,,False,True,True
CsGeN_R3m-MCP,CsGeN,Cs,Ge,N,R3m-MCP,645.2,558.0,249.2,263.4,447.2,396.0,N,,False,False,False
LiCAs_P63mc-NaSnP,LiAsC,Li,C,As,P63mc-NaSnP,706.5,694.9,602.8,576.1,654.6,103.7,C,,False,True,False
LiCAs_R3m-oct,LiAsC,Li,C,As,R3m-oct,707.1,695.5,598.8,572.1,653.0,108.3,C,,False,False,True
CuCAs_R3m-MCP,CuAsC,Cu,C,As,R3m-MCP,713.1,711.1,588.4,560.7,650.8,124.7,C,,False,True,True
KCP_R3m-MCP,KPC,K,C,P,R3m-MCP,729.3,721.7,568.6,566.8,649.0,160.7,C,,False,True,False
KCP_R3m-oct,KPC,K,C,P,R3m-oct,729.3,721.7,568.6,566.8,649.0,160.7,C,,False,True,False
KCP_P63mc-NaSnP,KPC,K,C,P,P63mc-NaSnP,734.3,726.6,559.3,557.5,646.8,175.0,C,,False,False,True
AgCAs_R3m-MCP,AgAsC,Ag,C,As,R3m-MCP,751.7,747.0,594.8,564.4,673.2,156.9,C,,False,True,True
RbSiN_P63mc-NaSnP,RbSiN,Rb,Si,N,P63mc-NaSnP,767.6,764.7,498.6,585.8,633.1,269.0,N,,False,True,True
LiCAs_R3m-MCP,LiAsC,Li,C,As,R3m-MCP,791.6,779.9,643.2,616.5,717.4,148.4,C,,False,False,False
RbSiN_R3m-oct,RbSiN,Rb,Si,N,R3m-oct,806.4,803.5,513.2,600.4,659.8,293.2,N,,False,False,False
RbSiN_R3m-MCP,RbSiN,Rb,Si,N,R3m-MCP,806.4,803.5,570.9,658.1,688.6,235.5,N,,False,False,False
NaCAs_R3m-oct,NaAsC,Na,C,As,R3m-oct,808.0,798.9,644.0,641.4,726.0,164.0,C,,False,True,True
NaCAs_P63mc-NaSnP,NaAsC,Na,C,As,P63mc-NaSnP,815.2,806.0,648.7,646.1,732.0,166.5,C,,False,False,False
CsSiN_P63mc-NaSnP,CsSiN,Cs,Si,N,P63mc-NaSnP,886.9,869.5,596.3,684.7,741.6,290.6,N,,False,True,True
AgCAs_P63mc-NaSnP,AgAsC,Ag,C,As,P63mc-NaSnP,911.2,906.5,746.5,716.1,828.8,164.7,C,,False,False,False
AuCAs_P63mc-NaSnP,AsAuC,Au,C,As,P63mc-NaSnP,916.1,914.2,648.3,613.1,782.2,267.8,C,,False,False,False
NaCAs_R3m-MCP,NaAsC,Na,C,As,R3m-MCP,917.4,908.2,666.8,664.3,792.1,250.6,C,,False,False,False
AgCAs_R3m-oct,AgAsC,Ag,C,As,R3m-oct,920.1,915.5,747.5,717.1,833.8,172.6,C,,False,False,False
CuCAs_P63mc-NaSnP,CuAsC,Cu,C,As,P63mc-NaSnP,924.7,922.8,834.1,806.4,879.4,90.6,C,,False,False,False
RbCP_P63mc-NaSnP,RbPC,Rb,C,P,P63mc-NaSnP,928.0,927.6,689.6,667.5,808.8,238.4,C,,False,True,False
KCAs_P63mc-NaSnP,KAsC,K,C,As,P63mc-NaSnP,929.1,905.5,738.3,712.4,833.7,190.8,C,,False,True,False
KCAs_R3m-oct,KAsC,K,C,As,R3m-oct,931.5,907.8,736.6,710.8,834.0,194.9,C,,False,False,True
KCAs_R3m-MCP,KAsC,K,C,As,R3m-MCP,931.5,907.8,783.3,757.4,857.4,148.2,C,,False,False,False
RbCP_R3m-oct,RbPC,Rb,C,P,R3m-oct,938.6,938.2,687.6,665.5,813.1,251.0,C,,False,False,True
RbCP_R3m-MCP,RbPC,Rb,C,P,R3m-MCP,938.6,938.2,687.6,665.5,813.1,251.0,C,,False,False,True
AuCAs_R3m-oct,AsAuC,Au,C,As,R3m-oct,940.5,938.6,780.1,744.9,860.3,160.4,C,,False,False,False
CuCAs_R3m-oct,CuAsC,Cu,C,As,R3m-oct,947.9,945.9,803.8,776.1,875.8,144.1,C,,False,False,False
CsSiN_R3m-oct,CsSiN,Cs,Si,N,R3m-oct,949.8,932.4,600.0,688.4,774.9,349.8,N,,False,False,False
RbCAs_P63mc-NaSnP,RbAsC,Rb,C,As,P63mc-NaSnP,980.7,958.7,782.0,761.7,881.4,198.7,C,,False,True,True
CsCP_P63mc-NaSnP,CsPC,Cs,C,P,P63mc-NaSnP,1024.7,1019.2,772.6,752.0,898.6,252.1,C,,False,True,False
CsSiN_R3m-MCP,CsSiN,Cs,Si,N,R3m-MCP,1035.9,1018.5,618.6,707.0,827.2,417.3,N,,False,False,False
RbCAs_R3m-oct,RbAsC,Rb,C,As,R3m-oct,1042.8,1020.8,794.6,774.3,918.7,248.2,C,,False,False,False
CsCAs_P63mc-NaSnP,CsAsC,Cs,C,As,P63mc-NaSnP,1045.0,1039.9,818.3,806.9,931.6,226.7,C,,False,True,True
CsCP_R3m-oct,CsPC,Cs,C,P,R3m-oct,1070.1,1064.6,767.3,746.7,918.7,302.8,C,,False,False,True
CsCP_R3m-MCP,CsPC,Cs,C,P,R3m-MCP,1101.8,1096.3,767.3,746.7,934.6,334.5,C,,False,False,True
CsCAs_R3m-oct,CsAsC,Cs,C,As,R3m-oct,1113.2,1108.0,821.5,810.1,967.4,291.7,C,,False,False,False
CsCAs_R3m-MCP,CsAsC,Cs,C,As,R3m-MCP,1113.2,1108.0,821.5,810.0,967.4,291.7,C,,False,False,False
RbCAs_R3m-MCP,RbAsC,Rb,C,As,R3m-MCP,1151.2,1129.2,842.8,822.5,997.0,308.4,C,,False,False,False
