rank,candidate,formula,M,E,X,prototype,spacegroup,dE_mix_meV_mace,dE_mix_meV_chgnet,chgnet_top,dE_ml_meV_mace,dft_meV,mp_id,in_mp,priority,caveat,a,b,c,vol_atom,nsites,volume_change_pct
1,AuSiP_R3m-MCP,SiPAu,Au,Si,P,R3m-MCP,R3m,-107.8,-49.2,True,-118.6,-109.0,mp-1207095,True,1,,3.441,3.441,17.307,19.72,3,-25.0
2,NaSnP_P63mc-NaSnP,NaSnP,Na,Sn,P,P63mc-NaSnP,P6_3mc,-47.0,20.4,True,-66.1,-46.0,mp-29529,True,1,,3.917,3.917,11.438,25.34,6,15.5
3,KSnAs_P63mc-NaSnP,KSnAs,K,Sn,As,P63mc-NaSnP,P6_3mc,-42.9,25.4,True,-49.5,-38.0,mp-3481,True,1,,4.147,4.147,12.564,31.18,6,12.6
4,NaSnP_R3m-oct,NaSnP,Na,Sn,P,R3m-oct,R3m,-40.7,39.3,True,-59.8,,,True,1,,3.892,3.892,17.544,25.58,3,-3.3
5,RbSnAs_P63mc-NaSnP,RbSnAs,Rb,Sn,As,P63mc-NaSnP,P6_3mc,-39.8,6.7,True,-43.3,,,False,1,,4.182,4.182,13.098,33.06,6,7.5
6,NaGeP_R3m-oct,NaGeP,Na,Ge,P,R3m-oct,R3m,-38.7,33.0,True,-58.4,,,False,1,,3.671,3.671,16.51,21.41,3,7.2
7,NaGeAs_R3m-oct,NaGeAs,Na,Ge,As,R3m-oct,R3m,-33.4,10.1,True,-45.9,,,False,1,,3.791,3.791,16.681,23.07,3,-8.4
8,NaSnAs_R3m-oct,NaSnAs,Na,Sn,As,R3m-oct,R3m,-28.6,46.0,True,-31.0,,,False,1,,4.024,4.024,17.559,27.36,3,-10.1
9,KSnP_P63mc-NaSnP,KSnP,K,Sn,P,P63mc-NaSnP,P6_3mc,-27.7,43.1,True,-22.8,,,False,1,,4.017,4.017,12.726,29.64,6,29.3
10,RbSnP_P63mc-NaSnP,RbSnP,Rb,Sn,P,P63mc-NaSnP,P6_3mc,-26.1,20.4,True,-24.8,,,False,1,,4.037,4.037,13.207,31.07,6,21.2
11,KSnAs_R3m-oct,KSnAs,K,Sn,As,R3m-oct,R3m,-26.0,66.9,True,-32.6,,,True,1,,4.115,4.115,19.326,31.48,3,3.5
12,NaGeP_P63mc-NaSnP,NaGeP,Na,Ge,P,P63mc-NaSnP,P6_3mc,-25.2,24.0,True,-44.9,,,False,1,,3.691,3.691,10.801,21.24,6,16.1
13,RbSnAs_R3m-oct,RbSnAs,Rb,Sn,As,R3m-oct,R3m,-21.2,63.5,True,-24.7,,,False,1,,4.149,4.149,20.346,33.7,3,10.7
14,NaSnAs_P63mc-NaSnP,NaSnAs,Na,Sn,As,P63mc-NaSnP,P6_3mc,-19.7,26.5,True,-22.1,,,False,1,,4.034,4.034,11.554,27.14,6,0.1
15,AuSiAs_R3m-MCP,SiAsAu,Au,Si,As,R3m-MCP,R3m,-8.5,35.3,True,9.9,,,False,1,,3.681,3.681,17.715,23.09,3,-14.4
16,NaGeAs_P63mc-NaSnP,NaGeAs,Na,Ge,As,P63mc-NaSnP,P6_3mc,-8.0,2.6,True,-20.5,,,False,1,,3.797,3.797,11.197,23.3,6,4.2
17,AuGeAs_mp-1224371,GeAsAu,Au,Ge,As,mp-1224371,C2,-6.9,-12.3,True,-9.1,-49.0,mp-1224371,True,1,,7.726,6.362,6.456,22.89,6,5.1
18,LiSnN_P63mc-NaSnP,LiSnN,Li,Sn,N,P63mc-NaSnP,P6_3mc,-2.3,-16.2,False,-25.2,24.0,mp-1245983,True,,N,3.274,3.274,9.693,15.0,6,17.6
19,KSnP_R3m-oct,KSnP,K,Sn,P,R3m-oct,R3m,-1.6,79.2,False,3.3,,,False,1,,3.983,3.983,19.557,29.86,3,14.0
20,CsSnAs_P63mc-NaSnP,CsSnAs,Cs,Sn,As,P63mc-NaSnP,P6_3mc,2.0,4.5,True,6.3,,,False,2,,4.242,4.242,13.941,36.2,6,9.2
21,RbSnP_R3m-oct,RbSnP,Rb,Sn,P,R3m-oct,R3m,4.6,73.5,False,5.9,,,False,2,,4.007,4.007,20.257,31.3,3,13.2
22,LiGeP_R3m-oct,LiGeP,Li,Ge,P,R3m-oct,R3m,6.6,87.0,False,-12.9,,,False,2,,3.607,3.607,14.632,18.32,3,-8.7
23,RbGeAs_P63mc-NaSnP,RbGeAs,Rb,Ge,As,P63mc-NaSnP,P6_3mc,7.9,15.1,True,0.8,,,False,2,,3.935,3.935,12.904,28.84,6,-5.9
24,AuGeP_R3m-MCP,GePAu,Au,Ge,P,R3m-MCP,R3m,9.0,33.5,True,2.1,,,False,2,,3.613,3.613,17.696,22.22,3,-23.2
25,LiGeAs_R3m-oct,LiGeAs,Li,Ge,As,R3m-oct,R3m,13.0,42.4,True,7.8,,,False,2,,3.741,3.741,14.595,19.66,3,-22.2
26,KGeP_P63mc-NaSnP,KGeP,K,Ge,P,P63mc-NaSnP,P6_3mc,19.3,56.8,True,25.7,,,False,2,,3.776,3.776,12.322,25.36,6,11.0
27,AuGeAs_R3m-MCP,GeAsAu,Au,Ge,As,R3m-MCP,R3m,21.5,50.1,True,19.2,,,True,2,,3.79,3.79,18.169,25.11,3,-13.2
28,KGeP_R3m-oct,KGeP,K,Ge,P,R3m-oct,R3m,21.7,68.2,True,28.1,,,False,2,,3.758,3.758,18.686,25.4,3,9.5
29,RbGeAs_R3m-oct,RbGeAs,Rb,Ge,As,R3m-oct,R3m,21.9,35.7,True,14.8,,,False,2,,3.931,3.931,19.639,29.2,3,5.9
30,KGeAs_P63mc-NaSnP,KGeAs,K,Ge,As,P63mc-NaSnP,P6_3mc,26.9,37.7,True,15.3,,,False,2,,3.91,3.91,12.379,27.31,6,-1.0
31,KGeAs_R3m-oct,KGeAs,K,Ge,As,R3m-oct,R3m,28.2,53.6,True,16.5,,,False,2,,3.891,3.891,18.691,27.23,3,8.9
32,CsSnAs_R3m-oct,CsSnAs,Cs,Sn,As,R3m-oct,R3m,30.0,72.8,False,34.4,,,False,2,,4.201,4.201,21.478,36.47,3,19.9
33,RbGeP_P63mc-NaSnP,RbGeP,Rb,Ge,P,P63mc-NaSnP,P6_3mc,37.4,84.2,False,40.2,,,False,2,,3.785,3.785,12.888,26.65,6,4.3
34,LiGeP_P63mc-NaSnP,LiGeP,Li,Ge,P,P63mc-NaSnP,P6_3mc,38.2,84.9,False,18.7,,,False,2,,3.616,3.616,9.659,18.23,6,9.5
35,CsSnP_P63mc-NaSnP,CsSnP,Cs,Sn,P,P63mc-NaSnP,P6_3mc,39.7,37.8,True,44.7,,,False,2,,4.096,4.096,13.857,33.55,6,18.2
36,LiGeN_P63mc-NaSnP,LiGeN,Li,Ge,N,P63mc-NaSnP,P6_3mc,40.7,15.8,False,38.8,54.0,mp-1246087,True,,N,3.081,3.081,9.172,12.57,6,-1.4
37,NaGeN_P63mc-NaSnP,NaGeN,Na,Ge,N,P63mc-NaSnP,P6_3mc,44.3,-11.3,False,38.9,40.0,mp-1246750,True,,N,3.157,3.157,10.435,15.01,6,11.0
38,LiSnP_P63mc-NaSnP,LiSnP,Li,Sn,P,P63mc-NaSnP,P6_3mc,48.7,79.1,False,28.5,,,False,2,,3.884,3.884,10.043,21.87,6,-0.7
39,LiSnAs_R3m-oct,LiSnAs,Li,Sn,As,R3m-oct,R3m,49.8,54.0,True,35.2,,,False,2,,4.032,4.032,14.502,22.69,3,-25.4
40,AgGeP_R3m-MCP,AgGeP,Ag,Ge,P,R3m-MCP,R3m,50.7,107.9,False,40.3,,,False,,,3.594,3.594,18.268,22.71,3,-22.9
41,LiSnP_R3m-oct,LiSnP,Li,Sn,P,R3m-oct,R3m,53.8,109.3,False,33.5,,,False,,,3.829,3.829,15.626,22.04,3,-17.0
42,LiGeAs_P63mc-NaSnP,LiGeAs,Li,Ge,As,P63mc-NaSnP,P6_3mc,55.8,40.8,True,50.5,,,False,,,3.743,3.743,9.772,19.76,6,-5.8
43,NaSnN_P63mc-NaSnP,NaSnN,Na,Sn,N,P63mc-NaSnP,P6_3mc,58.1,58.8,False,-68.1,64.0,mp-12433,True,,N,3.39,3.39,10.765,17.86,6,4.6
44,CsGeAs_P63mc-NaSnP,CsGeAs,Cs,Ge,As,P63mc-NaSnP,P6_3mc,59.4,13.6,True,55.0,,,False,,,4.019,4.019,13.469,31.4,6,-5.1
45,RbGeP_R3m-oct,RbGeP,Rb,Ge,P,R3m-oct,R3m,59.5,101.7,False,62.2,,,False,,,3.778,3.778,19.537,26.83,3,-2.6
46,LiSnAs_P63mc-NaSnP,LiSnAs,Li,Sn,As,P63mc-NaSnP,P6_3mc,65.7,33.5,True,51.1,,,False,,,4.104,4.104,9.327,22.68,6,-16.6
47,LiSnN_R3m-oct,LiSnN,Li,Sn,N,R3m-oct,R3m,67.6,30.4,False,44.7,,,True,,N,3.27,3.27,14.875,15.3,3,2.5
48,NaSiP_R3m-oct,NaSiP,Na,Si,P,R3m-oct,R3m,73.5,91.0,False,64.8,,,False,,,3.592,3.592,16.49,20.48,3,17.1
49,AgSiP_R3m-MCP,SiAgP,Ag,Si,P,R3m-MCP,R3m,74.5,113.9,False,61.0,,,False,,,3.465,3.465,17.884,20.66,3,-24.2
50,NaSiP_P63mc-NaSnP,NaSiP,Na,Si,P,P63mc-NaSnP,P6_3mc,76.0,81.8,False,67.3,,,False,,,3.602,3.602,10.929,20.46,6,11.1
51,CsGeAs_R3m-oct,CsGeAs,Cs,Ge,As,R3m-oct,R3m,76.1,39.7,True,71.7,,,False,,,3.983,3.983,20.616,31.48,3,3.4
52,CsSnP_R3m-oct,CsSnP,Cs,Sn,P,R3m-oct,R3m,80.4,111.7,False,85.4,,,False,,,4.074,4.074,21.401,34.17,3,12.3
53,AgSnP_R3m-MCP,AgSnP,Ag,Sn,P,R3m-MCP,R3m,93.0,208.3,False,83.6,,,False,,,3.82,3.82,19.039,26.74,3,-12.1
54,CuSnAs_P63mc-NaSnP,CuSnAs,Cu,Sn,As,P63mc-NaSnP,P6_3mc,95.7,81.6,False,82.1,,,False,,,4.137,4.137,8.591,21.22,6,-25.3
55,NaGeN_R3m-oct,NaGeN,Na,Ge,N,R3m-oct,R3m,96.4,15.4,False,90.9,,,True,,N,3.137,3.137,16.25,15.39,3,6.2
56,CsGeP_P63mc-NaSnP,CsGeP,Cs,Ge,P,P63mc-NaSnP,P6_3mc,99.1,85.4,False,98.3,,,False,,,3.885,3.885,13.277,28.93,6,2.2
57,NaSiAs_R3m-oct,NaSiAs,Na,Si,As,R3m-oct,R3m,99.2,121.7,False,105.1,,,False,,,3.737,3.737,16.577,22.28,3,0.1
58,CuSnP_P63mc-NaSnP,CuSnP,Cu,Sn,P,P63mc-NaSnP,P6_3mc,103.4,114.3,False,93.0,,,False,,,3.963,3.963,8.621,19.54,6,-17.5
59,RbSiP_P63mc-NaSnP,RbSiP,Rb,Si,P,P63mc-NaSnP,P6_3mc,107.0,68.9,False,110.7,,,False,,,3.755,3.755,12.669,25.78,6,0.2
60,AgGeAs_R3m-MCP,AgGeAs,Ag,Ge,As,R3m-MCP,R3m,109.7,148.2,False,104.6,,,False,,,3.729,3.729,18.72,25.05,3,-14.9
61,LiSiP_R3m-oct,LiSiP,Li,Si,P,R3m-oct,R3m,114.8,145.0,False,98.4,,,False,,,3.555,3.555,14.332,17.43,3,-1.1
62,LiGeN_R3m-oct,LiGeN,Li,Ge,N,R3m-oct,R3m,115.2,43.6,False,113.3,,,True,,N,3.061,3.061,14.197,12.8,3,21.4
63,NaSiAs_P63mc-NaSnP,NaSiAs,Na,Si,As,P63mc-NaSnP,P6_3mc,115.7,116.1,False,121.6,,,False,,,3.739,3.739,11.107,22.41,6,-0.3
64,AuSnAs_P63mc-NaSnP,SnAsAu,Au,Sn,As,P63mc-NaSnP,P6_3mc,116.8,84.6,False,109.1,,,False,,,4.315,4.315,8.668,23.3,6,-16.9
65,AgSnAs_R3m-MCP,AgSnAs,Ag,Sn,As,R3m-MCP,R3m,117.3,225.2,False,101.1,,,False,,,3.958,3.958,19.515,29.41,3,-3.3
66,CsGeP_R3m-oct,CsGeP,Cs,Ge,P,R3m-oct,R3m,119.4,108.2,False,118.5,,,False,,,3.86,3.86,20.324,29.14,3,-4.2
67,CuSnAs_R3m-oct,CuSnAs,Cu,Sn,As,R3m-oct,R3m,119.5,77.6,False,105.9,,,False,,,4.231,4.231,12.335,21.25,3,-30.2
68,NaSnN_R3m-oct,NaSnN,Na,Sn,N,R3m-oct,R3m,121.2,111.2,False,-5.0,,,True,,N,3.368,3.368,16.729,18.26,3,-0.2
69,RbSiP_R3m-oct,RbSiP,Rb,Si,P,R3m-oct,R3m,130.5,94.0,False,134.3,,,False,,,3.745,3.745,19.321,26.08,3,-6.0
70,AuSnAs_R3m-MCP,SnAsAu,Au,Sn,As,R3m-MCP,R3m,132.9,138.6,False,125.2,,,False,,,4.041,4.041,19.017,29.88,3,-1.8
71,LiSiAs_R3m-oct,LiSiAs,Li,Si,As,R3m-oct,R3m,133.1,144.7,False,141.9,,,False,,,3.703,3.703,14.291,18.85,3,-15.8
72,AgSnAs_P63mc-NaSnP,AgSnAs,Ag,Sn,As,P63mc-NaSnP,P6_3mc,133.8,92.2,False,117.6,,,False,,,4.475,4.475,8.122,23.48,6,-17.4
73,NaSnP_R3m-MCP,NaSnP,Na,Sn,P,R3m-MCP,R3m,136.0,159.5,False,116.9,,,True,,,3.937,3.937,21.009,31.33,3,3.0
74,LiSnN_R3m-MCP,LiSnN,Li,Sn,N,R3m-MCP,R3m,136.4,138.2,False,113.6,,,True,,N,3.405,3.405,16.836,18.78,3,-38.3
75,AgSnAs_R3m-oct,AgSnAs,Ag,Sn,As,R3m-oct,R3m,143.0,101.9,False,126.8,,,False,,,4.459,4.459,12.842,24.57,3,-19.2
76,CuSiP_R3m-MCP,CuSiP,Cu,Si,P,R3m-MCP,R3m,143.6,229.1,False,129.8,,,False,,,3.427,3.427,16.46,18.6,3,-15.2
77,AuSnAs_R3m-oct,SnAsAu,Au,Sn,As,R3m-oct,R3m,147.3,96.3,False,139.6,,,False,,,4.514,4.514,12.384,24.28,3,-20.2
78,AuGeN_R3m-MCP,GeAuN,Au,Ge,N,R3m-MCP,R3m,148.9,111.2,False,146.9,,,False,,N,3.064,3.064,16.309,14.73,3,-48.2
79,CuGeP_R3m-MCP,CuGeP,Cu,Ge,P,R3m-MCP,R3m,151.8,254.8,False,141.9,,,False,,,3.602,3.602,16.818,21.0,3,-12.0
80,CuGeN_R3m-MCP,CuGeN,Cu,Ge,N,R3m-MCP,R3m,152.1,162.3,False,149.5,,,False,,N,3.067,3.067,15.272,13.82,3,-42.6
81,AuSnP_R3m-MCP,SnPAu,Au,Sn,P,R3m-MCP,R3m,152.8,135.0,False,141.7,,,False,,,3.861,3.861,18.631,26.73,3,-12.1
82,LiSiP_P63mc-NaSnP,LiSiP,Li,Si,P,P63mc-NaSnP,P6_3mc,155.2,143.9,False,138.8,,,False,,,3.524,3.524,9.589,17.18,6,17.5
83,CuGeAs_R3m-oct,CuGeAs,Cu,Ge,As,R3m-oct,R3m,155.9,172.2,False,153.6,,,False,,,4.183,4.183,10.947,18.43,3,-31.0
84,AuGeAs_P63mc-NaSnP,GeAsAu,Au,Ge,As,P63mc-NaSnP,P6_3mc,158.5,103.1,False,156.3,,,True,,,3.829,3.829,9.724,20.58,6,-5.8
85,AgSiAs_R3m-MCP,SiAgAs,Ag,Si,As,R3m-MCP,R3m,161.1,182.3,False,176.7,,,False,,,3.663,3.663,18.259,23.57,3,-15.0
86,AgSnP_P63mc-NaSnP,AgSnP,Ag,Sn,P,P63mc-NaSnP,P6_3mc,168.1,151.5,False,158.7,,,False,,,3.838,3.838,10.432,22.18,6,-6.5
87,NaSnAs_R3m-MCP,NaSnAs,Na,Sn,As,R3m-MCP,R3m,169.3,163.1,False,166.9,,,False,,,4.034,4.034,21.625,33.86,3,11.3
88,NaGeN_R3m-MCP,NaGeN,Na,Ge,N,R3m-MCP,R3m,170.8,108.1,False,165.3,,,True,,N,3.155,3.155,17.579,16.84,3,-44.7
89,LiSnP_R3m-MCP,LiSnP,Li,Sn,P,R3m-MCP,R3m,171.3,307.4,False,151.0,,,False,,,3.89,3.89,19.102,27.82,3,-8.6
90,NaGeP_R3m-MCP,NaGeP,Na,Ge,P,R3m-MCP,R3m,175.4,120.8,False,155.7,,,False,,,3.653,3.653,20.3,26.06,3,-14.4
91,CuSnP_R3m-oct,CuSnP,Cu,Sn,P,R3m-oct,R3m,175.4,117.9,False,165.0,,,False,,,3.819,3.819,13.811,19.38,3,-32.1
92,LiSiAs_P63mc-NaSnP,LiSiAs,Li,Si,As,P63mc-NaSnP,P6_3mc,175.9,148.5,False,184.7,,,False,,,3.669,3.669,9.948,19.33,6,4.1
93,CuSnN_R3m-MCP,CuSnN,Cu,Sn,N,R3m-MCP,R3m,177.4,167.7,False,166.3,,,False,,N,3.379,3.379,15.898,17.46,3,-42.6
94,AgGeP_P63mc-NaSnP,AgGeP,Ag,Ge,P,P63mc-NaSnP,P6_3mc,179.9,148.2,False,169.5,,,False,,,3.601,3.601,10.337,19.35,6,6.1
95,CuGeAs_P63mc-NaSnP,CuGeAs,Cu,Ge,As,P63mc-NaSnP,P6_3mc,180.0,150.9,False,177.6,,,False,,,4.068,4.068,7.612,18.19,6,-18.0
96,NaGeAs_R3m-MCP,NaGeAs,Na,Ge,As,R3m-MCP,R3m,186.4,109.9,False,173.8,,,False,,,3.764,3.764,20.909,28.51,3,-6.3
97,KGeN_mp-1245591,KGeN,K,Ge,N,mp-1245591,R3m,187.6,68.0,False,148.4,182.0,mp-1245591,True,,N,3.243,3.243,17.447,17.66,3,1.2
98,KSnN_P63mc-NaSnP,KSnN,K,Sn,N,P63mc-NaSnP,P6_3mc,189.5,164.4,False,60.6,192.0,mp-1245826,True,,N,3.471,3.471,12.05,20.95,6,2.5
99,KGeN_P63mc-NaSnP,KGeN,K,Ge,N,P63mc-NaSnP,P6_3mc,193.1,68.4,False,153.9,,,True,,N,3.24,3.24,11.519,17.46,6,-3.7
100,RbSnAs_R3m-MCP,RbSnAs,Rb,Sn,As,R3m-MCP,R3m,194.1,63.6,True,190.6,,,False,,,4.141,4.141,24.681,40.73,3,33.8
101,AgSnP_R3m-oct,AgSnP,Ag,Sn,P,R3m-oct,R3m,197.0,163.0,False,187.6,,,False,,,3.914,3.914,15.261,22.49,3,-21.3
102,RbSnP_R3m-MCP,RbSnP,Rb,Sn,P,R3m-MCP,R3m,197.3,73.5,False,198.6,,,False,,,4.051,4.051,24.027,37.95,3,24.7
103,AuGeAs_R3m-oct,GeAsAu,Au,Ge,As,R3m-oct,R3m,198.0,116.5,False,195.8,,,True,,,3.737,3.737,15.435,20.74,3,-21.3
104,AgGeAs_P63mc-NaSnP,AgGeAs,Ag,Ge,As,P63mc-NaSnP,P6_3mc,198.9,125.9,False,193.9,,,False,,,3.713,3.713,10.552,21.0,6,-5.4
105,KSnAs_R3m-MCP,KSnAs,K,Sn,As,R3m-MCP,R3m,203.4,197.7,False,196.8,,,True,,,4.115,4.115,24.103,39.27,3,29.0
106,LiGeP_R3m-MCP,LiGeP,Li,Ge,P,R3m-MCP,R3m,203.6,242.5,False,184.1,,,False,,,3.604,3.604,18.127,22.66,3,-12.6
107,NaSnN_R3m-MCP,NaSnN,Na,Sn,N,R3m-MCP,R3m,204.6,184.4,False,78.5,,,True,,N,3.43,3.43,18.427,20.86,3,-31.4
108,KSnP_R3m-MCP,KSnP,K,Sn,P,R3m-MCP,R3m,205.0,208.2,False,209.9,,,False,,,4.046,4.046,23.529,37.07,3,21.8
109,AgSnN_R3m-MCP,AgSnN,Ag,Sn,N,R3m-MCP,R3m,207.5,160.5,False,201.1,,,True,,N,3.36,3.36,17.397,18.9,3,-37.9
110,LiGeN_R3m-MCP,LiGeN,Li,Ge,N,R3m-MCP,R3m,209.9,149.2,False,208.1,,,True,,N,3.121,3.121,16.064,15.06,3,-35.8
111,AgGeP_R3m-oct,AgGeP,Ag,Ge,P,R3m-oct,R3m,210.3,156.2,False,199.9,,,False,,,3.576,3.576,15.855,19.51,3,-11.2
112,AgGeN_R3m-MCP,AgGeN,Ag,Ge,N,R3m-MCP,R3m,210.6,183.4,False,205.8,,,False,,N,3.062,3.062,16.535,14.92,3,-50.4
113,AuSiAs_P63mc-NaSnP,SiAsAu,Au,Si,As,P63mc-NaSnP,P6_3mc,210.6,91.5,False,229.0,,,False,,,3.603,3.603,10.132,18.99,6,-3.7
114,AuSnP_P63mc-NaSnP,SnPAu,Au,Sn,P,P63mc-NaSnP,P6_3mc,213.2,185.8,False,202.1,,,False,,,3.863,3.863,9.823,21.16,6,-8.8
115,LiSnAs_R3m-MCP,LiSnAs,Li,Sn,As,R3m-MCP,R3m,213.5,282.7,False,198.9,,,False,,,3.999,3.999,19.764,30.41,3,-0.0
116,KSiAs_P63mc-NaSnP,KSiAs,K,Si,As,P63mc-NaSnP,P6_3mc,213.8,192.5,False,212.3,,,False,,,3.846,3.846,12.211,26.08,6,-6.1
117,KSiAs_R3m-oct,KSiAs,K,Si,As,R3m-oct,R3m,214.2,213.1,False,212.7,,,False,,,3.838,3.838,18.463,26.17,3,11.7
118,AgGeAs_R3m-oct,AgGeAs,Ag,Ge,As,R3m-oct,R3m,217.7,134.0,False,212.7,,,False,,,3.716,3.716,16.026,21.29,3,-20.4
119,CuGeAs_R3m-MCP,CuGeAs,Cu,Ge,As,R3m-MCP,R3m,218.7,281.8,False,216.4,,,False,,,3.744,3.744,17.387,23.46,3,-12.2
120,AuGeP_P63mc-NaSnP,GePAu,Au,Ge,P,P63mc-NaSnP,P6_3mc,222.0,145.1,False,215.0,,,False,,,3.652,3.652,9.735,18.74,6,5.2
121,KSiP_P63mc-NaSnP,KSiP,K,Si,P,P63mc-NaSnP,P6_3mc,227.8,201.4,False,213.0,,,False,,,3.705,3.705,12.014,23.81,6,3.4
122,AuSiP_P63mc-NaSnP,SiPAu,Au,Si,P,P63mc-NaSnP,P6_3mc,231.3,64.2,True,220.6,,,True,,,3.478,3.478,9.852,17.2,6,8.1
123,KSnN_R3m-oct,KSnN,K,Sn,N,R3m-oct,R3m,233.7,203.2,False,104.8,,,True,,N,3.455,3.455,18.429,21.17,3,-3.5
124,CuGeP_P63mc-NaSnP,CuGeP,Cu,Ge,P,P63mc-NaSnP,P6_3mc,234.1,184.3,False,224.2,,,False,,,3.797,3.797,7.869,16.37,6,-10.0
125,RbSiAs_P63mc-NaSnP,RbSiAs,Rb,Si,As,P63mc-NaSnP,P6_3mc,235.8,202.9,False,228.1,,,False,,,3.881,3.881,12.842,27.93,6,-9.4
126,KGeN_R3m-oct,KGeN,K,Ge,N,R3m-oct,R3m,236.0,93.5,False,196.8,,,True,,N,3.222,3.222,17.796,17.78,3,-11.0
127,LiGeAs_R3m-MCP,LiGeAs,Li,Ge,As,R3m-MCP,R3m,238.0,231.6,False,232.7,,,False,,,3.727,3.727,18.658,24.94,3,-3.9
128,KSiP_R3m-oct,KSiP,K,Si,P,R3m-oct,R3m,238.8,219.7,False,224.1,,,False,,,3.694,3.694,18.303,24.03,3,2.7
129,RbSiAs_R3m-oct,RbSiAs,Rb,Si,As,R3m-oct,R3m,241.2,231.1,False,233.5,,,False,,,3.878,3.878,19.649,28.44,3,2.3
130,LiSiN_P63mc-NaSnP,LiSiN,Li,Si,N,P63mc-NaSnP,P6_3mc,245.6,283.2,False,243.3,,,False,,N,2.824,2.824,9.074,10.44,6,-18.1
131,AuSiAs_R3m-oct,SiAsAu,Au,Si,As,R3m-oct,R3m,247.6,92.0,False,266.0,,,False,,,3.586,3.586,15.527,19.21,3,-19.2
132,CuSnP_R3m-MCP,CuSnP,Cu,Sn,P,R3m-MCP,R3m,247.8,384.2,False,237.4,,,False,,,3.837,3.837,17.763,25.16,3,-17.3
133,CuGeP_R3m-oct,CuGeP,Cu,Ge,P,R3m-oct,R3m,248.7,186.0,False,238.9,,,False,,,3.694,3.694,12.886,16.92,3,-22.8
134,RbGeAs_R3m-MCP,RbGeAs,Rb,Ge,As,R3m-MCP,R3m,250.6,151.9,False,243.5,,,False,,,3.904,3.904,23.811,34.92,3,14.8
135,RbSnN_P63mc-NaSnP,RbSnN,Rb,Sn,N,P63mc-NaSnP,P6_3mc,256.5,197.8,False,136.9,257.0,mp-1245901,True,,N,3.522,3.522,12.738,22.81,6,0.0
136,AgSiP_P63mc-NaSnP,SiAgP,Ag,Si,P,P63mc-NaSnP,P6_3mc,263.2,170.7,False,249.7,,,False,,,3.466,3.466,10.347,17.94,6,8.0
137,KGeP_R3m-MCP,KGeP,K,Ge,P,R3m-MCP,R3m,266.2,165.1,False,272.6,,,False,,,3.768,3.768,22.38,30.58,3,0.5
138,AuSnP_R3m-oct,SnPAu,Au,Sn,P,R3m-oct,R3m,266.3,186.2,False,255.2,,,False,,,3.919,3.919,14.728,21.77,3,-22.2
139,CsSnAs_R3m-MCP,CsSnAs,Cs,Sn,As,R3m-MCP,R3m,269.1,72.8,False,273.5,,,False,,,4.177,4.177,25.467,42.76,3,40.5
140,CuSnAs_R3m-MCP,CuSnAs,Cu,Sn,As,R3m-MCP,R3m,271.1,371.1,False,257.6,,,False,,,4.003,4.003,18.233,28.12,3,-7.6
141,CuSiAs_R3m-MCP,CuSiAs,Cu,Si,As,R3m-MCP,R3m,274.3,325.9,False,282.1,,,False,,,3.618,3.618,16.935,21.33,3,-13.0
142,NaSiP_R3m-MCP,NaSiP,Na,Si,P,R3m-MCP,R3m,277.7,165.1,False,269.0,,,False,,,3.557,3.557,20.249,24.66,3,-19.0
143,RbGeP_R3m-MCP,RbGeP,Rb,Ge,P,R3m-MCP,R3m,279.0,101.8,False,281.8,,,False,,,3.802,3.802,23.031,32.03,3,5.3
144,AgSiAs_P63mc-NaSnP,SiAgAs,Ag,Si,As,P63mc-NaSnP,P6_3mc,281.5,197.6,False,297.2,,,False,,,3.621,3.621,10.527,19.92,6,-2.2
145,KGeAs_R3m-MCP,KGeAs,K,Ge,As,R3m-MCP,R3m,286.5,162.0,False,274.9,,,False,,,3.871,3.871,23.083,33.29,3,9.4
146,AuSiP_R3m-oct,SiPAu,Au,Si,P,R3m-oct,R3m,286.5,65.6,True,275.8,,,True,,,3.441,3.441,15.344,17.48,3,-8.8
147,AuGeP_R3m-oct,GePAu,Au,Ge,P,R3m-oct,R3m,288.5,155.6,False,281.5,,,False,,,3.581,3.581,15.319,18.91,3,-11.9
148,CuSiP_P63mc-NaSnP,CuSiP,Cu,Si,P,P63mc-NaSnP,P6_3mc,289.4,166.3,False,275.6,,,False,,,3.462,3.462,8.74,15.12,6,-8.7
149,LiSiP_R3m-MCP,LiSiP,Li,Si,P,R3m-MCP,R3m,291.9,306.2,False,275.5,,,False,,,3.493,3.493,17.934,21.06,3,-8.9
150,AgSiP_R3m-oct,SiAgP,Ag,Si,P,R3m-oct,R3m,292.1,176.8,False,278.6,,,False,,,3.459,3.459,15.85,18.25,3,-8.8
151,CuSiAs_R3m-oct,CuSiAs,Cu,Si,As,R3m-oct,R3m,292.3,219.4,False,300.2,,,False,,,3.911,3.911,11.536,16.98,3,-30.7
152,NaSiAs_R3m-MCP,NaSiAs,Na,Si,As,R3m-MCP,R3m,294.9,206.8,False,300.8,,,False,,,3.689,3.689,20.477,26.81,3,-11.9
153,CuSiAs_P63mc-NaSnP,CuSiAs,Cu,Si,As,P63mc-NaSnP,P6_3mc,296.3,207.6,False,304.1,,,False,,,3.752,3.752,8.21,16.68,6,-18.0
154,CsSnP_R3m-MCP,CsSnP,Cs,Sn,P,R3m-MCP,R3m,297.2,111.7,False,302.2,,,False,,,4.096,4.096,24.966,40.3,3,32.5
155,NaSiN_P63mc-NaSnP,NaSiN,Na,Si,N,P63mc-NaSnP,P6_3mc,299.7,279.2,False,292.8,,,False,,N,2.927,2.927,10.751,13.29,6,3.2
156,AuSnN_R3m-MCP,SnAuN,Au,Sn,N,R3m-MCP,R3m,303.6,147.8,False,295.4,,,False,,N,3.366,3.366,17.0,18.54,3,-39.1
157,CsSiAs_R3m-oct,CsSiAs,Cs,Si,As,R3m-oct,R3m,306.2,222.9,False,302.8,,,False,,,3.935,3.935,20.49,30.53,3,0.3
158,AgSiAs_R3m-oct,SiAgAs,Ag,Si,As,R3m-oct,R3m,306.4,202.2,False,322.1,,,False,,,3.614,3.614,16.152,20.3,3,-17.3
159,CsSiAs_P63mc-NaSnP,CsSiAs,Cs,Si,As,P63mc-NaSnP,P6_3mc,308.0,197.5,False,304.6,,,False,,,3.976,3.976,13.418,30.62,6,-7.8
160,CuSiP_R3m-oct,CuSiP,Cu,Si,P,R3m-oct,R3m,314.1,180.9,False,300.3,,,False,,,3.562,3.562,12.599,15.38,3,-23.0
161,CsGeAs_R3m-MCP,CsGeAs,Cs,Ge,As,R3m-MCP,R3m,315.1,148.0,False,310.7,,,False,,,3.935,3.935,24.564,36.6,3,20.3
162,LiSiAs_R3m-MCP,LiSiAs,Li,Si,As,R3m-MCP,R3m,317.4,328.4,False,326.2,,,False,,,3.66,3.66,18.426,23.75,3,-1.8
163,AuSiN_R3m-MCP,SiAuN,Au,Si,N,R3m-MCP,R3m,321.9,194.9,False,322.7,,,False,,N,2.94,2.94,16.251,13.52,3,-46.7
164,RbSnN_R3m-oct,RbSnN,Rb,Sn,N,R3m-oct,R3m,322.2,234.0,False,202.7,,,True,,N,3.499,3.499,19.534,23.01,3,-5.9
165,CsSiP_P63mc-NaSnP,CsSiP,Cs,Si,P,P63mc-NaSnP,P6_3mc,323.6,196.3,False,310.2,,,False,,,3.873,3.873,13.023,28.19,6,-0.9
166,LiSiN_R3m-oct,LiSiN,Li,Si,N,R3m-oct,R3m,325.7,313.9,False,323.4,,,False,,N,2.818,2.818,13.958,10.67,3,5.2
167,CsSiP_R3m-oct,CsSiP,Cs,Si,P,R3m-oct,R3m,332.7,218.7,False,319.3,,,False,,,3.838,3.838,20.025,28.38,3,-6.7
168,AuGeN_R3m-oct,GeAuN,Au,Ge,N,R3m-oct,R3m,334.4,171.6,False,332.3,,,False,,N,3.006,3.006,18.822,16.36,3,35.0
169,AuGeN_P63mc-NaSnP,GeAuN,Au,Ge,N,P63mc-NaSnP,P6_3mc,335.9,170.3,False,333.9,,,False,,N,3.003,3.003,12.565,16.35,6,28.3
170,NaSiN_R3m-oct,NaSiN,Na,Si,N,R3m-oct,R3m,337.9,317.5,False,331.1,,,False,,N,2.927,2.927,16.776,13.83,3,-2.6
171,RbGeN_P63mc-NaSnP,RbGeN,Rb,Ge,N,P63mc-NaSnP,P6_3mc,344.0,122.4,False,262.6,,,False,,N,3.345,3.345,12.668,20.46,6,-7.2
172,CsGeP_R3m-MCP,CsGeP,Cs,Ge,P,R3m-MCP,R3m,350.0,108.2,False,349.1,,,False,,,3.861,3.861,23.874,34.24,3,12.5
173,RbSiP_R3m-MCP,RbSiP,Rb,Si,P,R3m-MCP,R3m,350.1,94.0,False,353.9,,,False,,,3.742,3.742,23.204,31.26,3,2.8
174,AgGeN_P63mc-NaSnP,AgGeN,Ag,Ge,N,P63mc-NaSnP,P6_3mc,350.4,224.9,False,345.6,,,False,,N,3.039,3.039,11.141,14.85,6,16.5
175,CuSiN_R3m-MCP,CuSiN,Cu,Si,N,R3m-MCP,R3m,358.6,372.6,False,357.8,,,False,,N,2.88,2.88,14.891,11.88,3,-44.1
176,AgSnN_P63mc-NaSnP,AgSnN,Ag,Sn,N,P63mc-NaSnP,P6_3mc,362.0,214.4,False,355.6,322.0,mp-1245446,True,,N,3.348,3.348,10.73,17.36,6,14.3
177,AuSiN_R3m-oct,SiAuN,Au,Si,N,R3m-oct,R3m,367.3,326.8,False,368.1,,,False,,N,2.843,2.843,20.1,15.63,3,44.7
178,AuSiN_P63mc-NaSnP,SiAuN,Au,Si,N,P63mc-NaSnP,P6_3mc,367.8,323.3,False,368.6,,,False,,N,2.843,2.843,13.24,15.45,6,21.2
179,CsSnN_P63mc-NaSnP,CsSnN,Cs,Sn,N,P63mc-NaSnP,P6_3mc,371.2,245.1,False,250.4,372.0,mp-1245940,True,,N,3.588,3.588,13.21,24.55,6,-7.0
180,AgGeN_R3m-oct,AgGeN,Ag,Ge,N,R3m-oct,R3m,372.0,225.9,False,367.2,,,False,,N,3.04,3.04,16.875,15.01,3,16.9
181,NaSiN_R3m-MCP,NaSiN,Na,Si,N,R3m-MCP,R3m,374.4,317.6,False,367.5,,,False,,N,2.946,2.946,17.458,14.58,3,-50.6
182,AgSnN_R3m-oct,AgSnN,Ag,Sn,N,R3m-oct,R3m,377.1,218.9,False,370.7,,,True,,N,3.328,3.328,16.617,17.7,3,8.7
183,AuCP_R3m-MCP,PAuC,Au,C,P,R3m-MCP,R3m,398.3,251.7,False,394.7,,,False,,C,2.95,2.95,15.959,13.37,3,-40.8
184,AgSiN_R3m-MCP,SiAgN,Ag,Si,N,R3m-MCP,R3m,399.0,355.1,False,397.1,,,False,,N,2.916,2.916,16.226,13.28,3,-50.6
185,RbGeN_R3m-oct,RbGeN,Rb,Ge,N,R3m-oct,R3m,402.7,150.4,False,321.3,,,False,,N,3.296,3.296,19.223,20.1,3,-17.3
186,CuGeN_P63mc-NaSnP,CuGeN,Cu,Ge,N,P63mc-NaSnP,P6_3mc,410.8,270.7,False,408.2,,,False,,N,2.997,2.997,9.605,12.45,6,-2.3
187,CuSnN_P63mc-NaSnP,CuSnN,Cu,Sn,N,P63mc-NaSnP,P6_3mc,411.1,278.8,False,400.1,,,False,,N,3.253,3.253,9.263,14.15,6,10.3
188,KGeN_R3m-MCP,KGeN,K,Ge,N,R3m-MCP,R3m,413.6,172.6,False,374.5,,,True,,N,3.262,3.262,19.958,20.43,3,-32.9
189,LiCP_P63mc-NaSnP,LiPC,Li,C,P,P63mc-NaSnP,P6_3mc,416.5,416.7,False,400.3,,,False,,C,2.909,2.909,9.3,11.36,6,-10.9
190,LiCP_R3m-oct,LiPC,Li,C,P,R3m-oct,R3m,419.3,403.3,False,403.1,,,False,,C,2.903,2.903,13.454,10.91,3,7.6
191,KSnN_R3m-MCP,KSnN,K,Sn,N,R3m-MCP,R3m,419.7,280.4,False,290.9,,,True,,N,3.5,3.5,20.637,24.33,3,-20.0
192,CuGeN_R3m-oct,CuGeN,Cu,Ge,N,R3m-oct,R3m,421.7,269.7,False,419.1,,,False,,N,2.979,2.979,14.358,12.26,3,10.8
193,CuSnN_R3m-oct,CuSnN,Cu,Sn,N,R3m-oct,R3m,425.4,284.7,False,414.3,,,False,,N,3.229,3.229,14.146,14.2,3,-8.2
194,LiSiN_R3m-MCP,LiSiN,Li,Si,N,R3m-MCP,R3m,427.6,296.5,False,425.4,,,False,,N,2.887,2.887,15.708,12.6,3,-37.2
195,CsSnN_R3m-oct,CsSnN,Cs,Sn,N,R3m-oct,R3m,440.7,287.1,False,319.9,,,True,,N,3.569,3.569,20.262,24.83,3,-14.7
196,CuCP_R3m-MCP,CuPC,Cu,C,P,R3m-MCP,R3m,445.9,276.6,False,439.8,,,False,,C,2.929,2.929,14.702,12.13,3,-33.1
197,CsGeN_P63mc-NaSnP,CsGeN,Cs,Ge,N,P63mc-NaSnP,P6_3mc,469.9,176.7,False,382.6,,,False,,N,3.42,3.42,12.7,21.44,6,-18.8
198,RbSiAs_R3m-MCP,RbSiAs,Rb,Si,As,R3m-MCP,R3m,477.2,231.1,False,469.5,,,False,,,3.851,3.851,23.849,34.04,3,11.9
199,AgCP_R3m-MCP,AgPC,Ag,C,P,R3m-MCP,R3m,479.2,291.9,False,476.8,,,False,,C,2.968,2.968,16.147,13.69,3,-40.2
200,KSiAs_R3m-MCP,KSiAs,K,Si,As,R3m-MCP,R3m,479.5,213.2,False,478.0,,,False,,,3.793,3.793,22.984,31.82,3,4.6
201,KSiP_R3m-MCP,KSiP,K,Si,P,R3m-MCP,R3m,483.1,219.7,False,468.4,,,False,,,3.658,3.658,22.617,29.13,3,-4.3
202,RbSnN_R3m-MCP,RbSnN,Rb,Sn,N,R3m-MCP,R3m,506.8,314.6,False,387.2,,,True,,N,3.57,3.57,21.517,26.39,3,-13.3
203,AgSiN_R3m-oct,SiAgN,Ag,Si,N,R3m-oct,R3m,514.3,421.9,False,512.4,,,False,,N,2.863,2.863,20.814,16.42,3,43.3
204,KSiN_P63mc-NaSnP,KSiN,K,Si,N,P63mc-NaSnP,P6_3mc,515.1,401.2,False,510.4,,,False,,N,3.051,3.051,11.733,15.76,6,-13.1
205,AuCP_P63mc-NaSnP,PAuC,Au,C,P,P63mc-NaSnP,P6_3mc,530.4,347.7,False,526.8,,,False,,C,2.907,2.907,12.695,15.48,6,5.4
206,AuSnN_R3m-oct,SnAuN,Au,Sn,N,R3m-oct,R3m,535.7,238.9,False,527.5,,,False,,N,3.306,3.306,17.026,17.91,3,14.8
207,AgCP_P63mc-NaSnP,AgPC,Ag,C,P,P63mc-NaSnP,P6_3mc,536.7,468.8,False,534.3,,,False,,C,2.859,2.859,18.199,21.48,6,44.2
208,AgSiN_P63mc-NaSnP,SiAgN,Ag,Si,N,P63mc-NaSnP,P6_3mc,538.9,420.0,False,536.9,,,False,,N,2.882,2.882,11.013,13.2,6,3.6
209,AgCP_R3m-oct,AgPC,Ag,C,P,R3m-oct,R3m,539.3,468.8,False,537.0,,,False,,C,2.859,2.859,26.72,21.01,3,99.1
210,CuSiN_P63mc-NaSnP,CuSiN,Cu,Si,N,P63mc-NaSnP,P6_3mc,540.7,396.9,False,540.0,,,False,,N,2.794,2.794,10.175,11.46,6,-10.1
211,NaCP_P63mc-NaSnP,NaPC,Na,C,P,P63mc-NaSnP,P6_3mc,545.5,416.2,False,526.4,,,False,,C,3.005,3.005,10.179,13.26,6,-23.5
212,LiCP_R3m-MCP,LiPC,Li,C,P,R3m-MCP,R3m,546.9,376.5,False,530.8,,,False,,C,2.956,2.956,15.555,13.08,3,-27.4
213,CuSiN_R3m-oct,CuSiN,Cu,Si,N,R3m-oct,R3m,548.3,399.1,False,547.6,,,False,,N,2.783,2.783,15.43,11.5,3,13.4
214,NaCP_R3m-MCP,NaPC,Na,C,P,R3m-MCP,R3m,550.0,412.0,False,530.9,,,False,,C,3.003,3.003,15.383,13.35,3,-49.9
215,NaCP_R3m-oct,NaPC,Na,C,P,R3m-oct,R3m,550.0,412.0,False,530.9,,,False,,C,3.003,3.003,15.383,13.35,3,-12.4
216,CsGeN_R3m-oct,CsGeN,Cs,Ge,N,R3m-oct,R3m,550.8,205.0,False,463.5,,,False,,N,3.376,3.376,19.4,21.28,3,-26.9
217,AuSnN_P63mc-NaSnP,SnAuN,Au,Sn,N,P63mc-NaSnP,P6_3mc,552.4,234.4,False,544.2,,,False,,N,3.307,3.307,11.0,17.37,6,20.9
218,KSiN_R3m-oct,KSiN,K,Si,N,R3m-oct,R3m,552.9,420.1,False,548.1,,,False,,N,3.048,3.048,17.879,15.98,3,-20.1
219,KSiN_R3m-MCP,KSiN,K,Si,N,R3m-MCP,R3m,552.9,480.7,False,548.1,,,False,,N,3.049,3.049,17.876,15.99,3,-47.4
220,RbGeN_R3m-MCP,RbGeN,Rb,Ge,N,R3m-MCP,R3m,557.0,224.8,False,475.6,,,False,,N,3.327,3.327,20.678,22.02,3,-27.6
221,CsSiAs_R3m-MCP,CsSiAs,Cs,Si,As,R3m-MCP,R3m,565.3,222.9,False,561.9,,,False,,,3.904,3.904,24.464,35.88,3,17.9
222,CsSiP_R3m-MCP,CsSiP,Cs,Si,P,R3m-MCP,R3m,582.6,218.7,False,569.3,,,False,,,3.804,3.804,24.111,33.56,3,10.3
223,CuCP_P63mc-NaSnP,CuPC,Cu,C,P,P63mc-NaSnP,P6_3mc,586.7,597.8,False,580.5,,,False,,C,2.85,2.85,9.17,10.75,6,-15.7
224,CsSnN_R3m-MCP,CsSnN,Cs,Sn,N,R3m-MCP,R3m,598.2,343.8,False,477.4,,,True,,N,3.625,3.625,22.064,27.9,3,-8.3
225,AuCP_R3m-oct,PAuC,Au,C,P,R3m-oct,R3m,610.0,520.4,False,606.4,,,False,,C,2.893,2.893,21.702,17.47,3,69.4
226,CuCP_R3m-oct,CuPC,Cu,C,P,R3m-oct,R3m,623.1,572.6,False,617.0,,,False,,C,2.839,2.839,13.994,10.85,3,7.0
227,AuCAs_R3m-MCP,AsAuC,Au,C,As,R3m-MCP,R3m,644.1,527.8,False,642.2,,,False,,C,3.144,3.144,16.43,15.63,3,-42.7
228,CsGeN_R3m-MCP,CsGeN,Cs,Ge,N,R3m-MCP,R3m,645.2,249.2,False,558.0,,,False,,N,3.402,3.402,21.204,23.62,3,-22.4
229,LiCAs_P63mc-NaSnP,LiAsC,Li,C,As,P63mc-NaSnP,P6_3mc,706.5,602.8,False,694.9,,,False,,C,3.079,3.079,10.068,13.78,6,-7.3
230,LiCAs_R3m-oct,LiAsC,Li,C,As,R3m-oct,R3m,707.1,598.8,False,695.5,,,False,,C,3.075,3.075,15.139,13.77,3,22.2
231,CuCAs_R3m-MCP,CuAsC,Cu,C,As,R3m-MCP,R3m,713.1,588.4,False,711.1,,,False,,C,3.102,3.102,15.18,14.05,3,-37.2
232,KCP_R3m-MCP,KPC,K,C,P,R3m-MCP,R3m,729.3,568.6,False,721.7,,,False,,C,3.097,3.097,16.962,15.66,3,-48.5
233,KCP_R3m-oct,KPC,K,C,P,R3m-oct,R3m,729.3,568.6,False,721.7,,,False,,C,3.097,3.097,16.971,15.66,3,-27.8
234,KCP_P63mc-NaSnP,KPC,K,C,P,P63mc-NaSnP,P6_3mc,734.3,559.3,False,726.6,,,False,,C,3.103,3.103,11.347,15.77,6,-26.6
235,AgCAs_R3m-MCP,AgAsC,Ag,C,As,R3m-MCP,R3m,751.7,594.8,False,747.0,,,False,,C,3.151,3.151,16.734,15.99,3,-42.5
236,RbSiN_P63mc-NaSnP,RbSiN,Rb,Si,N,P63mc-NaSnP,P6_3mc,767.6,498.6,False,764.7,,,False,,N,3.21,3.21,12.383,18.41,6,-16.5
237,LiCAs_R3m-MCP,LiAsC,Li,C,As,R3m-MCP,R3m,791.6,643.2,False,779.9,,,False,,C,3.137,3.137,16.055,15.21,3,-33.5
238,RbSiN_R3m-oct,RbSiN,Rb,Si,N,R3m-oct,R3m,806.4,513.2,False,803.5,,,False,,N,3.164,3.164,18.91,18.22,3,-25.1
239,RbSiN_R3m-MCP,RbSiN,Rb,Si,N,R3m-MCP,R3m,806.4,570.9,False,803.5,,,False,,N,3.164,3.164,18.912,18.22,3,-40.1
240,NaCAs_R3m-oct,NaAsC,Na,C,As,R3m-oct,R3m,808.0,644.0,False,798.9,,,False,,C,3.181,3.181,15.809,15.39,3,1.0
241,NaCAs_P63mc-NaSnP,NaAsC,Na,C,As,P63mc-NaSnP,P6_3mc,815.2,648.7,False,806.0,,,False,,C,3.187,3.187,10.617,15.57,6,-27.3
242,CsSiN_P63mc-NaSnP,CsSiN,Cs,Si,N,P63mc-NaSnP,P6_3mc,886.9,596.3,False,869.5,,,False,,N,3.257,3.257,12.637,19.35,6,-26.7
243,AgCAs_P63mc-NaSnP,AgAsC,Ag,C,As,P63mc-NaSnP,P6_3mc,911.2,746.5,False,906.5,,,False,,C,3.111,3.111,11.255,15.72,6,-13.1
244,AuCAs_P63mc-NaSnP,AsAuC,Au,C,As,P63mc-NaSnP,P6_3mc,916.1,648.3,False,914.2,,,False,,C,3.022,3.022,15.305,20.18,6,13.7
245,NaCAs_R3m-MCP,NaAsC,Na,C,As,R3m-MCP,R3m,917.4,666.8,False,908.2,,,False,,C,3.187,3.187,17.695,17.3,3,-43.2
246,AgCAs_R3m-oct,AgAsC,Ag,C,As,R3m-oct,R3m,920.1,747.5,False,915.5,,,False,,C,3.102,3.102,17.356,16.07,3,24.2
247,CuCAs_P63mc-NaSnP,CuAsC,Cu,C,As,P63mc-NaSnP,P6_3mc,924.7,834.1,False,922.8,,,False,,C,3.08,3.08,8.972,12.29,6,-15.6
248,RbCP_P63mc-NaSnP,RbPC,Rb,C,P,P63mc-NaSnP,P6_3mc,928.0,689.6,False,927.6,,,False,,C,3.174,3.174,11.684,16.99,6,-29.7
249,KCAs_P63mc-NaSnP,KAsC,K,C,As,P63mc-NaSnP,P6_3mc,929.1,738.3,False,905.5,,,False,,C,3.301,3.301,12.111,19.05,6,-27.4
250,KCAs_R3m-oct,KAsC,K,C,As,R3m-oct,R3m,931.5,736.6,False,907.8,,,False,,C,3.302,3.302,18.228,19.12,3,-11.9
251,KCAs_R3m-MCP,KAsC,K,C,As,R3m-MCP,R3m,931.5,783.3,False,907.8,,,False,,C,3.302,3.302,18.227,19.13,3,-37.1
252,RbCP_R3m-oct,RbPC,Rb,C,P,R3m-oct,R3m,938.6,687.6,False,938.2,,,False,,C,3.175,3.175,17.51,16.99,3,-34.7
253,RbCP_R3m-MCP,RbPC,Rb,C,P,R3m-MCP,R3m,938.6,687.6,False,938.2,,,False,,C,3.175,3.175,17.513,16.99,3,-44.2
254,AuCAs_R3m-oct,AsAuC,Au,C,As,R3m-oct,R3m,940.5,780.1,False,938.6,,,False,,C,3.068,3.068,20.245,18.34,3,38.0
255,CuCAs_R3m-oct,CuAsC,Cu,C,As,R3m-oct,R3m,947.9,803.8,False,945.9,,,False,,C,3.061,3.061,14.005,12.63,3,-2.1
256,CsSiN_R3m-oct,CsSiN,Cs,Si,N,R3m-oct,R3m,949.8,600.0,False,932.4,,,False,,N,3.238,3.238,19.359,19.53,3,-32.9
257,RbCAs_P63mc-NaSnP,RbAsC,Rb,C,As,P63mc-NaSnP,P6_3mc,980.7,782.0,False,958.7,,,False,,C,3.367,3.367,12.659,20.72,6,-29.3
258,CsCP_P63mc-NaSnP,CsPC,Cs,C,P,P63mc-NaSnP,P6_3mc,1024.7,772.6,False,1019.2,,,False,,C,3.393,3.393,12.832,21.32,6,-22.2
259,CsSiN_R3m-MCP,CsSiN,Cs,Si,N,R3m-MCP,R3m,1035.9,618.6,False,1018.5,,,False,,N,3.193,3.193,20.726,20.33,3,-33.2
260,RbCAs_R3m-oct,RbAsC,Rb,C,As,R3m-oct,R3m,1042.8,794.6,False,1020.8,,,False,,C,3.341,3.341,18.447,19.81,3,-23.9
261,CsCAs_P63mc-NaSnP,CsAsC,Cs,C,As,P63mc-NaSnP,P6_3mc,1045.0,818.3,False,1039.9,,,False,,C,3.465,3.465,13.106,22.71,6,-29.3
262,CsCP_R3m-oct,CsPC,Cs,C,P,R3m-oct,R3m,1070.1,767.3,False,1064.6,,,False,,C,3.333,3.333,18.728,20.02,3,-33.8
263,CsCP_R3m-MCP,CsPC,Cs,C,P,R3m-MCP,R3m,1101.8,767.3,False,1096.3,,,False,,C,3.311,3.311,21.067,22.22,3,-27.0
264,CsCAs_R3m-oct,CsAsC,Cs,C,As,R3m-oct,R3m,1113.2,821.5,False,1108.0,,,False,,C,3.443,3.443,19.266,21.97,3,-27.4
265,CsCAs_R3m-MCP,CsAsC,Cs,C,As,R3m-MCP,R3m,1113.2,821.5,False,1108.0,,,False,,C,3.442,3.442,19.265,21.96,3,-27.8
266,RbCAs_R3m-MCP,RbAsC,Rb,C,As,R3m-MCP,R3m,1151.2,842.8,False,1129.2,,,False,,C,3.37,3.37,20.299,22.18,3,-27.1
