material_id,formula,cation,cation_type,group14,group15,spacegroup,sg_number,crystal_system,nsites,e_above_hull_eV,is_stable,e_form_eV_atom,band_gap_eV,gap_direct,is_metal,magnetization,density,theoretical,ground_state_polymorph,cyanide
mp-1245795,CsCN,Cs,alkali,C,N,Cc,9,Monoclinic,6,0.097,False,-0.3791,0.001,True,False,0.001,2.715,True,True,True
mp-1245792,CsCN,Cs,alkali,C,N,P2_12_12_1,19,Orthorhombic,24,0.1207,False,-0.3555,4.966,True,False,0.0,2.77,True,False,True
mp-1245940,CsSnN,Cs,alkali,Sn,N,P6_3mc,186,Hexagonal,6,0.3717,False,0.0836,0.711,False,False,0.01,5.913,True,True,False
mp-1223510,KBiPb,K,alkali,Pb,Bi,Imm2,44,Orthorhombic,6,0.0,True,-0.358,0.0,False,True,0.0,6.822,True,True,False
mp-1077078,KCN,K,alkali,C,N,Cc,9,Monoclinic,6,0.1256,False,-0.3872,5.057,False,False,0.001,1.545,False,True,True
mp-1223490,KCN,K,alkali,C,N,P1,1,Triclinic,12,0.126,False,-0.3867,5.135,False,False,0.0,1.511,True,False,True
mp-35035,KCN,K,alkali,C,N,Imm2,44,Orthorhombic,3,0.1392,False,-0.3735,5.31,False,False,0.0,1.612,True,False,True
mp-20134,KCN,K,alkali,C,N,Cm,8,Monoclinic,3,0.1691,False,-0.3436,5.043,False,False,0.0,1.746,False,False,True
mp-676693,KCN,K,alkali,C,N,P1,1,Triclinic,12,0.7537,False,0.2409,1.23,False,False,0.0,2.136,True,False,True
mp-1180837,KCN,K,alkali,C,N,Cm,8,Monoclinic,3,0.9691,False,0.4564,0.055,False,False,0.0,2.395,True,False,True
mp-1245591,KGeN,K,alkali,Ge,N,R3m,160,Trigonal,3,0.1823,False,-0.0973,1.672,False,False,0.001,3.99,True,True,False
mp-1245592,KGeN,K,alkali,Ge,N,P6_3mc,186,Hexagonal,6,0.1834,False,-0.0962,0.0,False,True,0.002,3.983,True,False,False
mp-1245571,KPbN,K,alkali,Pb,N,P3m1,156,Trigonal,3,0.3502,False,0.0863,0.491,False,False,0.0,6.126,True,True,False
mp-1246354,KPbN,K,alkali,Pb,N,Pnma,62,Orthorhombic,12,0.4151,False,0.1512,0.905,False,False,0.001,5.574,True,False,False
mp-1245569,KPbN,K,alkali,Pb,N,Cm,8,Monoclinic,3,0.5283,False,0.2644,1.29,False,False,0.0,4.899,True,False,False
mp-3481,KSnAs,K,alkali,Sn,As,P6_3mc,186,Hexagonal,6,0.0,True,-0.3857,0.335,False,False,0.0,4.054,False,True,False
mp-1245826,KSnN,K,alkali,Sn,N,P6_3mc,186,Hexagonal,6,0.192,False,-0.1282,1.028,False,False,0.002,4.491,True,True,False
mp-1245821,KSnN,K,alkali,Sn,N,Cm,8,Monoclinic,3,0.3684,False,0.0482,0.0,False,True,0.0,3.293,True,False,False
mp-3486,KSnSb,K,alkali,Sn,Sb,P6_3mc,186,Hexagonal,6,0.0,True,-0.3913,0.261,False,False,0.0,4.205,False,True,False
mp-30057,LiCN,Li,alkali,C,N,Pnma,62,Orthorhombic,12,0.3077,False,-0.3613,5.531,True,False,0.007,1.009,False,True,True
mp-1246087,LiGeN,Li,alkali,Ge,N,P6_3mc,186,Hexagonal,6,0.0536,False,-0.42,0.0,False,True,0.0,4.199,True,True,False
mp-1246553,LiGeN,Li,alkali,Ge,N,Pnma,62,Orthorhombic,12,0.0622,False,-0.4114,0.0,False,True,0.001,3.926,True,False,False
mp-1247389,LiPbN,Li,alkali,Pb,N,Pnma,62,Orthorhombic,12,0.2562,False,-0.0428,0.0,True,False,0.001,7.115,True,True,False
mp-1246045,LiPbN,Li,alkali,Pb,N,P-6m2,187,Hexagonal,3,0.4945,False,0.1956,0.0,False,True,0.0,7.09,True,False,False
mp-1245983,LiSnN,Li,alkali,Sn,N,P6_3mc,186,Hexagonal,6,0.0241,False,-0.3039,1.162,False,False,0.004,4.965,True,True,False
mp-1245978,LiSnN,Li,alkali,Sn,N,Pnma,62,Orthorhombic,12,0.0921,False,-0.2359,0.0,False,True,0.001,4.943,True,False,False
mp-1245984,LiSnN,Li,alkali,Sn,N,P-6m2,187,Hexagonal,3,0.311,False,-0.017,0.0,False,True,0.0,4.778,True,False,False
mp-1192296,LiSnSb,Li,alkali,Sn,Sb,P6_3mc,186,Hexagonal,24,0.1089,False,-0.2377,0.0,False,True,0.009,5.384,False,True,False
mp-30053,NaCN,Na,alkali,C,N,Pmmn,59,Orthorhombic,6,0.2003,False,-0.3061,5.06,False,False,0.0,1.635,False,True,True
mp-38222,NaCN,Na,alkali,C,N,Imm2,44,Orthorhombic,3,0.2047,False,-0.3016,5.231,False,False,0.0,1.63,True,False,True
mp-1221105,NaCN,Na,alkali,C,N,P4/mmm,123,Tetragonal,3,4.0369,False,3.5306,0.0,False,True,0.06,1.441,True,False,True
mp-1246750,NaGeN,Na,alkali,Ge,N,P6_3mc,186,Hexagonal,6,0.0398,False,-0.2492,1.504,False,False,0.0,4.144,True,True,False
mp-1245972,NaPbN,Na,alkali,Pb,N,Pnma,62,Orthorhombic,12,0.3798,False,0.178,0.795,False,False,0.001,6.448,True,True,False
mp-12433,NaSnN,Na,alkali,Sn,N,P6_3mc,186,Hexagonal,6,0.0642,False,-0.132,0.917,False,False,0.0,4.778,False,True,False
mp-29529,NaSnP,Na,alkali,Sn,P,P6_3mc,186,Hexagonal,6,0.0,True,-0.3835,0.583,False,False,0.0,3.748,False,True,False
mp-952566,NaSnSb,Na,alkali,Sn,Sb,P6_3mc,186,Hexagonal,6,0.0,True,-0.2904,0.0,False,True,0.0,4.587,True,True,False
mp-1245901,RbSnN,Rb,alkali,Sn,N,P6_3mc,186,Hexagonal,6,0.2574,False,-0.0491,0.0,False,True,0.002,5.305,True,True,False
mp-9519,AgCN,Ag,other(+1),C,N,R3m,160,Trigonal,3,0.3442,False,0.3442,3.66,False,False,0.0,3.097,False,True,True
mp-1245446,AgSnN,Ag,other(+1),Sn,N,P6_3mc,186,Hexagonal,6,0.3216,False,0.3216,0.0,False,True,0.001,7.835,True,True,False
mp-29196,AuCN,Au,other(+1),C,N,P6mm,183,Hexagonal,3,0.2506,False,0.2506,1.861,False,False,0.0,6.236,False,True,True
mp-35308,CuCN,Cu,other(+1),C,N,R3m,160,Trigonal,3,0.2387,False,0.2387,2.548,False,False,0.0,2.82,True,True,True
mp-1224371,GeAsAu,Au,other(+1),Ge,As,C2,5,Monoclinic,6,0.0,True,-0.1047,0.468,False,False,0.0,8.755,True,True,False
mp-1207095,SiPAu,Au,other(+1),Si,P,R3m,160,Trigonal,3,0.0,True,-0.2424,0.884,False,False,0.0,6.986,True,True,False
